Analysis spots,Fe,S,Cu,Na,Mg,Al,Si,K,Ca,Rb,Sr,Ti,V,Cr,Mn,Pb,Co,Ni,Zn,Ga,Ge,As,Se,Mo,Ag,Cd,In,Sn,Sb,Te,Ba,W,Au,Tl,Bi
Isocubanite (N +AD0- 62),ppm,ppm,ppm,ppm,ppm,ppm,ppm,ppm,ppm,ppm,ppm,ppm,ppm,ppm,ppm,ppm,ppm,ppm,ppm,ppm,ppm,ppm,ppm,ppm,ppm,ppm,ppm,ppm,ppm,ppm,ppm,ppm,ppm,ppm,ppm
,,,,,,,,,,,,,,,,,,,,,,,,,,,,,,,,,,,
W08+AC0-01+AC0-01,272003,206855,88265,1431,212043,56.2,210356,455,490,2.08,17.1,2.29,6.57,6.24,1374,1.88,1287,6.83,5227,1.19,10.9,6.2,63.2,5.9,1.08,8.95,2.65,8.88,1.05,3.76,0.54,b.d,0.12,0.11,0.28
W08+AC0-01+AC0-02,428188,353517,155232,327,21031,1.99,30454,320,328,1.33,5.46,0.7,0.37,4.12,931,2.94,2032,1.59,7394,0.74,10.4,2.82,153,3.92,1.6,12.7,3.87,8.38,0.23,29.4,0.34,0.01,0.04,0.14,0.22
W08+AC0-01+AC0-04,426746,331021,212301,68.8,4610,0.27,7569,41.3,124,0.21,0.14,0.16,0.25,b.d,1892,4.39,2014,1.72,13393,0.42,11.1,0.2,146,0.69,2.41,19.7,4.11,8.92,b.d,20.5,0.03,0,0.01,0.04,0.19
W08+AC0-01+AC0-05,395780,335071,140978,565,52495,3.53,63699,299,b.d,1.06,1.61,0.75,1.68,b.d,1126,2.85,1556,13.7,8144,0.2,12,17.3,168,8.28,1.74,11.7,2.96,7.14,0.14,32.4,0.32,0.05,0.09,0.25,0.42
W08+AC0-01+AC0-06,433030,335946,211914,2.25,20.8,0.18,925,2.28,248,0.01,0,0.28,0.18,0.36,2266,3.23,1860,0.74,13437,0.13,10,0.9,259,0.2,3.84,19.2,3.86,10.4,b.d,36,0.06,b.d,0.02,0.01,0.36
W08+AC0-01+AC0-07,408110,318510,181545,357,32535,3.54,45891,252,111,0.96,0.99,0.8,1.08,b.d,1651,3.31,1593,7.88,9202,0.17,11.5,1.6,162,3.36,2.38,13,3.07,8.35,b.d,19,0.06,b.d,0.01,0.07,0.19
W08+AC0-01+AC0-08,308840,235619,144448,758,140273,13,159538,445,137,1.73,0.65,1.87,2.75,2.27,1359,2.12,1088,11.6,7303,0.45,11.1,7.72,97.8,6.32,1.44,8.62,2.41,8.14,0.37,12.3,0.25,0.04,0.02,0.1,0.19
W08+AC0-01+AC0-09,427932,338128,207959,46.2,3405,0.52,5579,30.5,26.7,0.13,0.1,0.23,0.26,b.d,2121,3.6,1869,1.41,12623,0.12,11.2,1.55,202,0.68,3.29,17.5,3.37,9.39,0.01,25.2,b.d,b.d,0.01,0.05,0.27
W08+AC0-01+AC0-10,325538,319476,170721,898,70286,5.01,104533,597,219,2.28,5.07,2.65,1.63,1.32,1102,5.01,917,16.4,5459,0.13,10.3,9.54,147,7.36,3.26,7.87,2.4,8.13,0.21,16.5,1.49,b.d,0.02,0.17,0.31
W08+AC0-01+AC0-11,404875,337497,175977,345,30516,3.75,36302,172,215,0.62,1.22,0.54,1.49,b.d,1567,3.93,1665,4.5,10664,0.27,10.7,1.61,126,3.22,1.96,16,3.22,8.99,b.d,14.9,0.12,b.d,0.01,0.05,0.2
W08+AC0-01+AC0-12,386029,323036,152749,685,56989,4.19,69071,370,436,1.52,6.45,0,2,b.d,1160,3.75,1670,11,7477,0.14,12.2,59.5,166,6.71,1.59,12.6,2.6,9.13,0.28,25.8,0.46,b.d,0.01,0.14,0.88
W08+AC0-01+AC0-13,415263,360181,192937,190,5092,1.59,11679,236,107,0.87,6.97,0.32,0.58,b.d,1671,2.86,2025,1.8,10385,0.24,11.4,1.21,155,2.37,2.3,14.8,3.04,9.16,b.d,18.8,0.28,0.02,0.02,0.05,0.12
W08+AC0-01+AC0-14,361418,282581,152103,795,90127,7.59,101375,432,390,2.14,2.65,1.75,2.96,2,1345,3.38,1224,17.5,7973,0.23,13.9,23.4,111,9.01,1.77,12.5,2.11,9.46,0.2,13.4,0.38,0.02,0.02,0.09,0.45
W08+AC0-01+AC0-15,372788,379788,162289,452,33222,2.27,42108,285,576,1.1,13.3,0.4,0.39,b.d,1304,3.71,1380,7.38,5492,0.09,13,78,147,8.87,2.1,10.4,2.4,7.58,0.8,15.8,0.99,0.02,0.06,0.17,1.18
W08+AC0-01+AC0-16,333950,321332,195611,663,63520,4.48,76507,384,197,1.69,4.6,0.77,1.61,b.d,1190,4.48,1488,14.5,4927,0.16,10.8,23.4,122,7.16,1.93,6.21,2.07,6.49,b.d,16.6,0.38,b.d,0.05,0.09,0.44
W08+AC0-01+AC0-17,397244,321991,191705,280,31748,3.52,40652,189,364,0.95,2.08,0.49,1.09,b.d,1527,3.98,1763,5.27,12325,0.27,11.4,0.02,130,4.36,2.27,19.3,3.13,9.61,b.d,16,0.35,b.d,0.01,0.04,0.18
W08+AC0-01+AC0-18,376738,337838,173911,473,45552,2.28,54070,302,711,1.17,6.14,0.57,0.62,4.29,1001,3.76,1705,8.28,7484,0.2,12.2,2.21,123,6.34,2.03,11.6,2.84,8.43,0.01,18.6,0.62,b.d,b.d,0.07,0.17
W08+AC0-01+AC0-19,421552,331131,205383,126,11660,1.17,15020,60,131,0.3,1.13,0.34,0.26,1.74,1888,3.28,1791,3.76,10986,0.12,10,1.29,194,2.06,3.1,14.7,3.18,8.79,0.06,23.8,0.2,b.d,0.02,0.02,0.21
W08+AC0-01+AC0-20,409909,312823,161611,537,46432,3.99,56463,304,492,1.32,3.81,0.33,1.51,3.59,1241,3.47,1574,12.8,8423,0.41,12,1.54,105,4.2,1.96,10.5,2.85,7.47,0.09,12.1,1.37,b.d,0.07,0,0.15
W08+AC0-01+AC0-21,341583,269339,110092,1111,120198,10,149056,579,87.7,3.16,1.65,2.07,2.41,0.18,1231,1.86,980,22.3,5583,0.37,9.72,5.15,66,8.34,1.48,6.89,1.66,7.05,0.24,7.74,1.07,0.08,0.08,0.22,0.05
W08+AC0-01+AC0-22,423204,323284,202174,217,16056,2.23,19408,99.1,84.6,0.37,0.82,0.57,0.98,1.16,1658,3.11,1661,2.77,11885,0.13,10.9,1.43,190,2.63,2.59,15.5,3.33,8.59,0.02,21.6,0.2,0.01,b.d,0.06,0.18
W08+AC0-01+AC0-23,344538,262174,86288,1312,129877,15.7,167066,716,506,3.49,4.02,0.66,4.53,3.85,1417,2.1,937,25.9,4987,0.25,11.7,19.9,53.7,11.3,1.55,4.73,1.33,6.37,0.09,6.15,2.49,0,0.07,0.23,0.49
W08+AC0-01+AC0-24,378785,298097,173620,712,61298,5.97,73920,723,391,2,2.98,0.4,1.96,b.d,1213,3.4,1473,12.8,9503,0.14,11.7,21.4,153,4.21,1.5,11.4,2.85,7.78,0.11,19.3,0.84,0.01,0.02,0.11,0.34
W08+AC0-01+AC0-25,411470,329417,217362,178,11519,0.32,14340,106,b.d,0.45,0.42,0,0,8.22,1509,3.71,1721,4.79,12075,0.18,10.5,2.69,209,1.75,2.41,16.9,2.99,10.7,0,27.6,0.11,b.d,0.06,0.06,0.15
W08+AC0-01+AC0-26,349780,302492,128453,1591,89964,5.65,116269,1303,113,3.68,3.55,0.56,2.26,3.59,1326,3.37,1254,29.3,7224,0.14,12.2,21,98,10,1.57,9.02,2.59,9.05,0.52,11.1,0.48,b.d,0.05,0.17,0.53
W08+AC0-01+AC0-27,420107,338649,209779,105,6197,0.48,9321,71.7,45.6,0.34,0.17,0.34,0.17,1.49,1812,3.51,1850,3.75,11836,0.29,11.4,1.45,152,1.16,2.31,16,3.65,8.56,b.d,18.3,0.05,0.02,0.05,0.04,0.17
W08+AC0-01+AC0-28,377632,328936,192177,444,39029,1.58,49568,301,267,1.24,1.34,0.88,0.58,b.d,1326,3.27,1824,10,8218,0.19,10.3,5.34,187,3.69,2.17,10.8,3.11,8.5,b.d,27.6,0.37,0.01,0.03,0.11,0.24
W08+AC0-01+AC0-29,434082,341926,206435,20.4,516,0.06,1628,24.3,b.d,0.09,0.09,0.34,0.17,0.09,1990,4.14,2015,0.99,11105,0.17,9.93,0.96,189,0.24,3.08,15,3.36,8.59,0.02,21.5,0.12,0.02,0.01,0,0.21
W08+AC0-01+AC0-49,333244,424683,215574,231,3794,7.56,4461,34.5,197,0.06,6.28,0.78,1.18,157,1286,13.9,900,5.12,15236,0.24,8.25,1.2,32.8,4.47,1.03,88.7,5.44,9.39,b.d,6.83,4.19,0.52,4.06,0.74,0.06
W08+AC0-01+AC0-65,344148,323415,166714,644,75273,17.8,76653,500,581,1.6,7.9,1.38,3.61,8.12,1130,5.14,1595,3.19,8974,0.13,8.01,10.3,240,7.6,1.57,17.9,1.93,9.32,b.d,24.1,0.57,0.37,1.49,0.21,0.34
W08+AC0-01+AC0-66,335959,303574,144882,3827,94168,11.4,106292,1858,543,4.77,5.3,1.21,1.73,5.35,1112,2.53,1562,10.7,5906,0.23,9.14,5.06,203,8.79,1.77,9.97,5.77,7.75,0.24,20.4,0.6,0.02,0.01,0.13,0.19
W08+AC0-01+AC0-67,227092,222348,116569,562,214999,55,210048,214,265,0.68,5.49,2.53,8.38,b.d,1417,2.51,1073,6.02,5121,0.79,10.6,0,141,15.8,0.89,12.3,3.32,8.82,1.69,13.7,0.33,0.05,0.11,0.05,0.2
W08+AC0-01+AC0-68,337344,345438,177116,911,64367,9.84,62341,344,270,0.62,5.8,0.62,1.73,b.d,1251,2.59,1622,1.59,8695,0.24,9.35,2.53,205,8.65,1.57,15.8,1.72,8.4,0.1,24.1,0.13,0.02,0.09,0.04,0.16
W08+AC0-01+AC0-69,381063,378428,147225,1644,33402,2.62,48290,1140,433,3.19,3.66,b.d,1.26,5.06,1319,3.56,1593,8.82,5280,0.22,9.47,6.73,105,6.5,1.98,9.02,1.14,6.92,0.14,8.36,0.29,0.02,0.05,0.22,0.2
W08+AC0-01+AC0-70,308021,267982,86449,5463,137247,9.33,185401,3352,556,10.28,4.95,0.21,2.73,5.97,1464,1.87,695,37.8,3116,0.49,10.3,2.76,133,9.14,1.39,4.12,0.95,6.63,0.23,11.9,1.03,0.03,0.03,0.19,0.07
W08+AC0-01+AC0-71,336988,363237,157067,2572,57417,9.11,72648,1330,766,3.69,4.16,0.37,3.42,6.04,1145,4.01,1342,13.5,5177,0.28,9.76,4.23,198,7.76,2.31,10.2,1.05,7.95,b.d,24.1,0.35,b.d,0.04,0.17,0.27
W08+AC0-01+AC0-72,366289,369449,213025,305,15018,1.73,22257,392,357,1.7,2.41,0.94,0.61,0.73,1028,3.74,1919,7.69,9564,0.07,9.11,6.72,296,2.84,2.24,17,1.96,8.13,0.07,34.5,0.26,0.02,0.01,0.07,0.3
W08+AC0-01+AC0-73,254618,144207,75753,3157,224194,14.8,287282,3656,720,14.1,7.69,4.65,2.06,6.79,1187,1.23,671,44.6,4316,0.29,11.9,3.43,84.9,19.3,0.89,5.17,1.24,5.42,0.05,7.54,2,0.07,0.11,0.13,0.1
W08+AC0-01+AC0-74,349881,362182,192994,635,40399,6.98,41377,465,825,1.56,3.02,b.d,1.98,b.d,885,3.81,1741,13.3,8204,0.23,7.8,4.18,284,4.92,1.71,15.4,10.3,8.54,0.51,42.7,0.61,0.05,0.02,0.11,0.28
W08+AC0-01+AC0-75,391621,386132,158896,1002,20763,2.7,28428,642,724,1.79,7.14,0.36,0.67,b.d,1003,3.4,1898,7.84,8453,0.2,8.76,59.8,273,4.17,2.13,14.4,8.44,7.55,0.36,33.5,0.74,0,0.04,0.1,0.57
W08+AC0-01+AC0-76,375721,389217,212328,121,877,6.89,6164,141,57.1,0.76,0.44,0.5,1.09,b.d,1405,3.43,2071,0.7,11527,0.21,11.3,1.2,265,1.65,1.58,23.5,3.93,7.89,0.28,38.9,0.13,0.14,0.69,1.61,0.18
W08+AC0-01+AC0-77,331505,315146,184888,496,74811,6.86,79500,653,723,2.21,6.51,0.32,1.4,b.d,978,2.25,2078,13.3,8805,b.d,10.2,13.6,293,3.9,1.36,15.7,2.6,11.3,0.08,32.2,1.28,0.03,0.18,0.11,0.18
W08+AC0-01+AC0-78,392866,383698,125980,1061,36158,0.91,48942,761,645,2.26,11.5,1.4,0.64,b.d,1127,2.89,1529,4.06,7032,0.07,10.4,9.86,111,5.08,2.53,15.3,2.1,5.59,b.d,12.6,1.28,b.d,0.04,0.18,0.27
W08+AC0-01+AC0-80,387244,385185,207077,154,1110,0.53,2324,18.1,6.47,0.05,0.16,0.85,0.38,1.2,1567,4.52,1305,9.76,13606,0.11,8.62,0.65,194,5.3,1.46,72.7,6.59,7.59,0.18,86.2,0.03,b.d,0.04,1.36,0.1
W80+AC0-01+AC0-2+AC0-01,368733,434984,163134,972,6052,1.57,17451,392,65.4,1.11,0.79,1.27,0.41,0.35,1074,7.88,945,4.46,5649,0.08,9.02,15.1,409,3.71,1.9,11.8,15.5,9.12,0.16,54.5,0.1,0.01,0.03,0.04,0.64
W80+AC0-01+AC0-2+AC0-02,333465,398898,129679,1136,46198,5.01,82084,402,251,1.04,11.8,b.d,1.75,0.71,1721,19.4,917,4.83,4629,0.2,11.4,167,310,12.4,2.16,7.99,13.6,6.69,2.16,40.7,0.24,b.d,0.08,0.01,3.65
W80+AC0-01+AC0-2+AC0-03,412912,374680,196268,248,955,0.72,2680,85.4,32.5,0.28,0.36,0.29,0.18,3.58,945,5.23,1125,6.04,9405,0.05,9.38,2,528,0.44,1.43,16.7,21.6,6.14,0.09,59.3,0.14,b.d,0.01,0.01,0.53
W80+AC0-01+AC0-2+AC0-04,325532,409814,186060,1130,21723,39.1,46842,269,b.d,0.87,2.76,0.63,1.02,1.47,693,8.2,1017,1.52,6456,0.19,10.9,2.24,322,8.03,1.3,12.7,4.83,7.91,b.d,37.3,b.d,0.04,b.d,0.06,0.3
W80+AC0-01+AC0-2+AC0-08,369995,410026,166605,268,8093,431,31776,86.9,27.6,0.09,1.5,1.54,0.9,23.7,938,5.48,1264,6.76,10358,0.2,8.06,1.8,34,9.9,1.14,19.5,5.55,6.56,0.13,3.4,0.1,0.92,0.34,0.04,0.55
W80+AC0-01+AC0-2+AC0-10,384845,399928,174899,561,7396,23.9,18846,141,52.2,0.37,0.86,1.83,0.44,0.07,1027,5.37,1280,8.05,10622,0.13,8.73,0.64,289,2.86,1.12,20.8,6.51,6.74,b.d,24.9,0.05,0.1,0.14,0.03,0.23
W80+AC0-01+AC0-2+AC0-14,393668,386464,193069,116,3092,2.06,7744,66.7,115,0.2,0.85,1.04,0.17,3.68,1123,5.06,1142,12.5,12874,0.11,8.3,0.65,407,0.63,1.12,24.5,3.92,6.72,b.d,46.6,0.4,0.01,b.d,b.d,0.64
W80+AC0-01+AC0-2+AC0-15,310605,331738,116513,2218,77130,43.8,151553,1193,1357,9.58,16,1.63,2.39,15.5,1867,14.4,730,238.26,4571,1.25,10.2,5.59,109,11.65,1.62,8.9,1.65,10.9,0.39,16.7,5.05,0.04,0.06,0.15,0.55
W80+AC0-01+AC0-2+AC0-16,344355,391568,136977,686,42470,14.5,75151,222,679,1.88,8.88,b.d,1.28,2.76,1782,7.06,958,50,4989,0.49,10.1,3.4,26.4,7.09,1.54,9.69,2.24,7.51,0.18,5.64,1.92,0.01,0.03,0.11,0.39
W80+AC0-01+AC0-2+AC0-18,347828,383798,179952,1394,17740,661,58899,313,511,0.47,5.81,40.6,2.67,39.4,909,84.5,935,4.4,6777,3.42,9.1,2.14,46.5,12,0.95,13.1,5.95,6.97,1.04,3.11,0.75,0.34,0.52,0.04,0.27
W80+AC0-01+AC0-2+AC0-18,345820,388946,204429,249,924,14,48205,33.9,29,0.03,0.3,0.51,0.27,b.d,729,3.32,1130,3.54,9232,0.15,6.98,0.52,191,4.5,0.96,17.8,3.55,5.53,0.15,18.4,0.35,0.01,0.04,0.01,0.97
W80+AC0-01+AC0-2+AC0-19,397562,390891,189284,48.9,1564,1.22,3807,37.2,147,0.22,0.64,b.d,0.07,0.12,987,5.56,1103,7.7,13901,0.07,8.26,0,540,0.42,0.93,29.4,2.26,6.59,0.03,63.7,0.51,b.d,0.19,0.04,0.45
W80+AC0-01+AC0-2+AC0-19,329721,382657,184082,1706,26997,278,66285,311,529,0.52,5.82,39.6,2.43,40.6,852,52.4,829,3.04,5479,0.8,8.66,2.54,71.9,13.4,0.97,10.5,6.03,7.76,0.68,5.49,0.73,0.15,0.51,0.04,0.46
W80+AC0-01+AC0-2+AC0-20,339160,376510,174333,1596,34953,205,63535,321,367,0.51,6.96,23.8,2.71,11.3,958,35.7,1186,4.4,6716,0.5,9.86,3.81,13.2,17.9,1,12.2,5.66,7.18,0.52,0.89,0.61,0.13,0.85,0.04,0.49
W80+AC0-01+AC0-2+AC0-20,358908,396535,227788,9.67,16.7,b.d,343,8.87,3.41,0.04,0.05,0.93,0.05,0.24,889,3.64,1208,3.6,13710,0.05,7.28,0.35,474,0.05,1.38,28.6,2.88,6.26,0.04,50.6,0.01,b.d,b.d,b.d,0.32
W80+AC0-01+AC0-2+AC0-21,395928,396807,180748,237,843,5.88,9211,627,313,1.16,4.01,0.64,0.39,b.d,1197,6.6,1117,18,12379,0.1,8.8,0.97,454,0.62,1.43,24.6,2.41,7.36,b.d,52,2.6,0.04,0.04,0.01,0.71
W80+AC0-01+AC0-2+AC0-22,407327,389361,185304,43.9,351,0.14,1308,25.7,b.d,0.24,0.09,1.03,0.01,b.d,956,4.63,1148,3.74,13532,0.06,8.58,0.52,528,0.07,0.87,27.4,2.95,5.93,0.04,60,0.02,b.d,0.01,0.02,0.26
W80+AC0-01+AC0-2+AC0-23,390849,395004,163682,233,13001,3.97,24883,152,396,0.68,3.25,0.47,0.39,b.d,1318,5.19,1086,22.8,8876,0.12,9.18,0.63,397,2.52,1.17,17.9,3.06,6.31,0.06,45.6,1.17,0.01,b.d,0.03,0.38
,,,,,,,,,,,,,,,,,,,,,,,,,,,,,,,,,,,
Pyrite II (N +AD0- 40),,,,,,,,,,,,,,,,,,,,,,,,,,,,,,,,,,,
W08+AC0-01+AC0-03,518094,423281,26411,327,8026,0.56,18089,310,56.4,1.22,3.57,0.48,0.14,1.58,2426,2.44,2043,1.58,851,0.07,13.4,0.12,42.9,6.45,2.51,1.82,0.63,2.03,0.11,4.01,0.69,0.03,0.1,0.11,0.13
W08+AC0-01+AC0-43,484942,375583,1548,953,55046,274,78261,580,93.3,2.87,4.45,0,2.69,3.12,1645,0.94,62.1,7.73,957,0.15,12.5,2.14,7.33,9.46,0.35,0.69,0.07,0.63,0.03,b.d,0.47,0.07,0.03,0.09,b.d
W08+AC0-01+AC0-44,482913,415445,6411,901,31820,2.4,59398,692,268,3.73,4.56,0.03,1.71,3,1101,1.15,75.7,1.58,920,0.04,12.8,0.62,11.8,8.31,0.71,0.62,0.24,1.16,0.05,0.19,0.25,0.01,0.02,0.06,b.d
W08+AC0-01+AC0-45,524108,417732,1176,483,5401,11,47748,823,895,3.9,8.59,1.09,2.09,3.2,865,0.43,48.7,5.72,655,0.11,13.2,1.1,5.97,5.16,0.18,0.64,0.06,0.43,0.32,0.07,0.47,0.11,0.23,0.09,0.01
W08+AC0-01+AC0-63,530964,435618,22116,299,2295,0.83,6154,423,90.4,1.27,2.74,0.47,0.7,1.23,516,1.02,321,5.44,1151,0.01,11.2,1.04,15.8,3.73,0.74,1.67,0.8,2.56,0.32,1.31,0.46,0.05,0.11,0.2,0.02
W08+AC0-01+AC0-46,396073,357809,2327,1017,117610,21,119112,688,139,1.67,3.15,9.52,4.14,5.12,3702,0.42,132,27.7,1263,0.34,10.5,0,10.1,25.3,3.28,0.63,0.22,2.73,0.62,0.27,1.01,0.05,0.18,0.12,0.07
W08+AC0-01+AC0-47,537901,432512,3868,1728,1942,0.35,16926,2959,409,4.54,5,0.35,0.15,0.55,146,0.58,1137,18.3,377,0.01,11.1,1.18,37.4,13.1,0.45,0.29,0.04,0.23,0.05,b.d,0.26,0,0.07,0.11,0.1
W08+AC0-01+AC0-48,529302,448791,1843,795,1543,0.63,13910,1816,436,2.79,2.91,0.21,0.1,b.d,165,1.55,1006,14.9,296,0,12.2,2.25,46.3,11,0.55,0.22,0.06,0,0.02,b.d,0.16,0.02,0.04,0.07,0.07
W08+AC0-01+AC0-50,467638,364612,1200,2865,60817,10.2,97424,1901,784,6.18,24.5,1.72,3.3,b.d,1517,1.87,102,1.77,1058,0.18,12.8,2.78,2.52,8.77,0.11,1.38,0.01,0.65,0.52,0.11,1.45,0.01,0.01,0.15,b.d
W08+AC0-01+AC0-51,501838,430608,1585,1032,22998,1.69,37663,790,400,2.46,22.7,0.74,0.43,1.23,2326,1.23,272,2.06,417,0.04,12.4,2.11,11.9,7.58,0.7,0.58,0.01,0.52,0.08,0.11,1.64,b.d,0.02,0.19,0.03
W08+AC0-01+AC0-52,524768,462269,1009,400,400,1.14,9515,348,115,1.05,2.55,0.39,0.44,1.71,920,0.62,59.9,0.87,158,0.01,11.7,3.13,6.19,6.21,0.13,0.86,0.03,0.22,0.15,0.03,0.24,b.d,0.03,0.04,b.d
W08+AC0-01+AC0-53,507467,192815,2148,4707,42001,2.84,236483,9169,681,33.3,17.1,1.89,2.32,7.83,980,3.83,21.7,1.77,3422,0.13,16.2,5.46,0,5.55,0.01,2.04,0.16,1.81,1.63,0.02,1.41,b.d,0.03,0.31,0.04
W08+AC0-01+AC0-54,554107,443195,1033,64.5,84.1,0.2,563,25.4,25.8,0.05,1.92,0.27,0.15,1.78,701,0.06,138,0.44,25.5,0.02,12.4,1.8,9.48,7.62,0.18,0.18,0.03,0.26,0.19,0.16,0.33,0.01,0.08,0.08,0.01
W08+AC0-01+AC0-55,531472,414790,1807,1110,16569,1.67,29858,1361,613,1.8,16.13,0.62,0.4,b.d,961,2.88,1066,12.6,296,0.06,12.9,2.02,15.8,25.8,1.47,0.4,0.04,0.37,0.08,0.28,1.7,0.05,0.22,0.05,0.06
W08+AC0-01+AC0-56,551079,442585,2585,83.2,388,0.19,1073,101,38.5,0.07,0.69,0.4,0.15,0.61,1742,0.25,233,1.17,57.1,0.03,11.6,1.04,11.4,6.14,0.35,0.62,0.04,0.26,0.1,0.52,0.26,0.01,0.03,0.1,0.02
W08+AC0-01+AC0-57,449963,186563,2310,1961,56918,165,291129,4188,1446,19.2,10.5,4.24,5.97,1.3,1204,2.84,43.1,13.9,3996,2.16,18.1,9.64,6.33,15.23,0.14,0.35,0.2,1.02,0.61,b.d,1.39,0.15,0.07,b.d,0.01
W08+AC0-01+AC0-58,505216,474254,1773,428,2061,5.07,13863,127,446,0.31,3.84,7.97,0.69,5.93,1505,0.36,38.1,0.85,227,0.1,11.3,1.74,8.42,9.23,0.24,0.28,0.07,0.61,0.13,0.07,0.52,0.27,2.62,0.05,b.d
W08+AC0-01+AC0-59,523091,451254,2215,911,4653,2.91,12418,2205,909,2.6,21.6,0,0.73,2.65,1599,0.79,338,7.9,328,0.26,12.3,1.71,9.96,11.1,0.8,0.3,0.01,0.02,b.d,1.12,2.57,0.02,0.13,0.07,0.02
W08+AC0-01+AC0-60,454594,307760,1735,1375,44423,47,183318,2035,228,11.8,3.91,2.17,1.69,4.94,664,0.58,30.7,31.4,3702,0.2,17.4,1.61,2.22,5.91,0.1,0.4,0.2,0.82,0.67,0.07,0.67,0.03,0.13,0.07,b.d
W08+AC0-01+AC0-62,513259,413584,677,389,15619,71.2,54026,540,175,2.77,1.21,2.45,2.03,7.12,531,0.86,26,8.53,1051,0.14,13,2.76,0.16,8.08,0.11,0.47,0.05,0.47,0.2,0.18,0.8,0.49,0.31,0.06,0.01
W08+AC0-01+AC0-64,526154,454498,815,118,1327,2.62,15269,295,116,1.01,1.45,0.68,1.02,0.64,1003,0.71,73.7,3,291,0.05,11.6,1.49,6.45,7.41,0.16,0.27,0.01,0.09,0.12,0.19,0.22,0.02,0.1,0.04,0.01
W08+AC0-01+AC0-83,441464,285478,1892,4626,48640,72.9,204298,8015,1477,23.2,29.7,4.13,5.29,43.7,2146,13.3,68.5,7.35,1652,0.22,17.2,1.77,2.88,6.61,0.01,3.73,0.09,1.12,5.01,b.d,3.34,0.47,0.74,0.25,0.07
W08+AC0-01+AC0-84,549110,440316,107,334,1708,0,6187,337,128,1.24,5.29,0.98,0.05,1.88,176,0.74,1197,3.61,332,0,11.2,1.99,37,2.36,0.24,b.d,0.02,0.03,0.3,1.09,0.31,b.d,0.01,0.11,0.04
W08+AC0-01+AC0-61,520619,454360,21120,102,241,0.48,987,40.3,112,0.05,0.66,0.08,0.13,0,1224,0.55,293,1.78,862,0.04,11.6,0.83,11.7,4.85,0.84,1.29,0.24,1.39,0.52,1.94,0.18,0.08,0.61,0.25,0.03
W08+AC0-01+AC0-85,547657,402796,3071,2548,10906,1.01,29312,1407,286,3.08,16.9,0.41,0.8,1.04,816,4.31,823,6.57,275,0.17,11.4,16.9,5.9,25.6,1.1,b.d,0.03,0.66,0.29,1.01,6.15,0.02,0.19,0.12,0.17
W08+AC0-01+AC0-86,490390,414044,1228,525,46828,11.6,44989,138,113,0.2,5.23,0.44,0.87,2.97,315,0.37,585,2.98,767,0.17,12.1,4.76,26.6,4.1,0.02,1,0.08,0.15,4.22,0.12,0.64,0,0.04,0.03,b.d
W08+AC0-01+AC0-87,457653,446619,2233,1822,39334,23.7,49485,412,295,0.92,5.74,1.4,1.57,103,1146,1.34,57,4.85,732,0.19,12.3,7.71,6.42,33.4,0.17,1.18,0.04,0.66,1.84,0.15,0.86,2.75,2.58,0.22,0.01
W08+AC0-01+AC0-88,528994,449160,1863,485,4389,10.1,13220,329,317,1.25,3.97,0.81,0.78,22.6,887,0.32,42,1.39,226,0.05,11.4,5.82,9.38,17.1,0.17,0.42,0.01,0.23,1.21,0.14,0.39,0.77,0.2,0.4,b.d
W08+AC0-01+AC0-89,547792,446034,1049,218,1306,0.29,1975,74.6,174,0.15,5.76,0.79,0.06,0.9,1269,0.08,42.3,0.36,35.2,0.01,10.7,2.14,3.25,4.93,0.19,0.12,b.d,0.18,0.36,0.08,0.38,b.d,0.02,0.05,b.d
W08+AC0-01+AC0-90,416387,355208,1934,1687,101441,20.9,116419,1061,1222,2.98,28.6,0.93,1.54,1.24,2775,0.52,510,5.91,1255,0.25,11.2,4.93,1.28,9.05,0.64,2.1,0.04,1.01,3.19,0.3,2.96,0.03,0.07,0.08,b.d
W08+AC0-01+AC0-91,543362,424899,363,678,12237,1,16397,397,341,1.08,16.6,1.06,0.23,2.37,239,0.19,729,6.21,289,b.d,11.6,4.51,15.9,4.09,0.13,0.33,b.d,0.05,1.13,0.15,1.9,b.d,0.02,0.14,0.01
W08+AC0-01+AC0-92,556358,436631,168,412,592,0.55,4698,317,200,0.91,6.44,0.91,0.08,1.28,423,0.05,85,0.83,68.3,b.d,11.4,8.43,7.85,6.23,0.03,0.07,b.d,0.06,1.12,b.d,0.58,0.06,0.04,0.05,0.02
W08+AC0-01+AC0-93,512891,399464,1116,1292,25602,6.66,55088,2553,253,8.69,11.4,0.37,0.91,3.56,956,0.97,53.9,1.57,664,0.09,12.6,3.02,4.68,7.13,0.04,1.46,0.02,0.18,1.84,b.d,1.2,0.08,0.06,0.09,b.d
W08+AC0-01+AC0-94,324352,288987,3838,1761,186676,46.2,191007,339,377,0.49,16.8,1.46,4.28,10,991,0.44,75,3.99,1459,0.61,11.5,8.17,10.9,14.2,0.12,2.8,0.2,0.76,3.16,0.04,1.4,0.41,0.11,0.08,0.02
W08+AC0-01+AC0-95,525319,449207,435,368,10814,2.24,12978,188,138,0.49,5.1,0.8,0.31,1.59,303,0.14,44.1,0.71,169,0.02,10.6,2.73,5.57,4.55,0.04,0.46,0.01,0.05,1.05,0.11,0.48,0.02,0.01,0.05,b.d
W08+AC0-01+AC0-97,488578,462826,454,1113,20809,6.23,24268,507,679,0.95,54.4,1.3,0.67,0.7,228,0.18,82.3,2.55,355,0.07,11,7.14,1.86,8.1,0.05,1.05,0.02,0.27,2.13,0.08,1.4,0.15,0.26,0.24,0.01
W08+AC0-01+AC0-98,536519,364001,3591,7433,5519,0.18,72280,6310,2548,21.9,27.8,0.68,0.01,1.42,321,2.54,794,23.7,463,0.01,11.5,16.7,69.9,37.6,0.53,0.11,0.02,0.33,0.25,0.27,3.57,0.01,0.8,0.67,0.05
W08+AC0-01+AC0-99,517035,464582,818,961,5064,0.06,9371,358,730,0.8,9.38,0.66,0.06,0.17,808,0.03,157,0.73,71.5,0.01,10.1,5.09,8.25,6.23,0.28,0.36,0.11,0.91,0.69,0.12,0.72,0.01,0.02,0.31,0.01
W80+AC0-01+AC0-2+AC0-11,443100,377849,2201,1688,36303,90.4,133105,1681,551,5.84,14.8,3.47,2.86,6.16,2526,17.9,84.2,13.5,698,0.25,12.6,2.68,12.5,13.8,0.38,1.03,0.09,0.92,b.d,0.15,13.65,0.03,0.16,0.12,0.64
W80+AC0-01+AC0-2+AC0-12,461840,445416,4012,1178,12668,27.2,70055,1048,355,3.48,5.19,1.34,1.11,2.77,2495,11.9,295,1.86,547,0.15,12.5,1.95,9.47,7.46,1.42,1.17,0.16,1.55,0.14,0.34,0.43,0,0.02,0.21,0.42
