P,Ti,Cr,Co,Ni,Cu,Zn,As,Se,Rb,Sr,Mo,Ag,Sb,La,Ce,Pr,Nd,Sm,Eu,Gd,Tb,Dy,Ho,Er,Tm,Yb,Lu,W,Bi,Pb,Deposit_Type,Fe,Ge,Te,Au,S,V,Mn,Cd,Sn,Ba,Tl,Na,Mg,Al,Si,K,Ca,Ga,In
90.517,6.2105,1.1737,4116.7326,81.4529,0.2898,1.4136,257.9315,,0.5063,0.1797,0.0081,0.0729,0.0579,0.0032,,,0.0573,0.1481,0.0046,,,,,0.0068,0.0022,0.0106,,0.0109,0.9274,1.3202,Porphyry,,,,,,,,,,,,,,,,,,,
109.9606,4.9979,0.8826,2384.6766,224.7375,3.0433,2.4632,15.0667,19.4082,3.4249,1.247,0.0237,0.0928,,0.0074,,0.0046,,0.1728,,,,,0.0019,,,0.0082,0.0024,,26.4284,45.5069,Porphyry,,,,,,,,,,,,,,,,,,,
118.3088,6.5557,0.2061,1275.486,52.7874,0.1746,1.6272,24.1259,25.6262,0.4048,0.2831,0.0755,,0.0013,0.0026,,0.0008,,0.0779,,0.0129,0.0017,0.0077,0.002,0.0055,0.0036,0.0086,0.0019,,1.0729,1.0671,Porphyry,,,,,,,,,,,,,,,,,,,
113.1241,5.1639,1.6516,1245.6729,194.2875,0.2385,1.4484,8.9044,28.5042,0.5627,0.2871,0.1188,0.0244,0.0387,,0.0078,0.0094,0.0672,,0.0058,0.0102,,0.0181,0.0016,,,0.0067,0.0015,0.0069,2.3785,1.912,Porphyry,,,,,,,,,,,,,,,,,,,
77.8263,5.1099,4.4611,1814.9775,175.4654,0.8483,2.0768,3.9935,11.5739,0.0165,0.0574,0.1901,,0.0469,,0.014,,,,,,,,,,,0.0173,,,0.5252,0.3931,Porphyry,,,,,,,,,,,,,,,,,,,
73.7301,5.1976,0.4331,3397.6088,124.7265,0.0501,1.5063,118.0008,4.4422,0.1093,0.0273,,,0.0362,0.0026,0.0024,,0.0493,0.0469,0.015,0.0132,0.0025,,,,,,,,1.2183,0.9857,Porphyry,,,,,,,,,,,,,,,,,,,
98.2201,5.8208,1.1661,3524.7698,134.2444,1.2253,2.4821,176.6962,10.5361,1.5448,0.5533,0.0296,0.045,0.0359,0.0048,,0.0007,0.0317,0.1254,0.0015,,,,0.0007,0.0071,0.0016,0.0102,0.0008,0.0075,9.596,16.0304,Porphyry,,,,,,,,,,,,,,,,,,,
117.4899,5.0308,1.0761,2131.9161,169.1574,2.1301,2.7196,18.9654,29.0709,2.4118,0.8842,0.0323,0.0604,0.0078,0.0065,,0.0023,,0.1234,,0.0073,,0.0043,0.0024,,0.002,0.0056,0.0016,,18.0498,30.5754,Porphyry,,,,,,,,,,,,,,,,,,,
124.1475,5.7555,0.8655,1235.1732,99.1999,0.139,1.951,18.9089,30.5484,0.207,0.1309,0.0723,0.0172,0.0179,0.0023,0.0035,0.0003,0.0213,0.0404,0.0047,0.0116,,0.0069,0.0018,0.0018,0.0032,0.0084,0.0006,,0.7003,0.6799,Porphyry,,,,,,,,,,,,,,,,,,,
107.7578,5.3562,1.3582,1264.9885,190.0778,0.2046,1.9806,6.0157,22.7285,0.2123,0.1127,0.1076,0.0131,0.0341,,0.0081,0.0036,0.0437,,0.0067,0.0034,0.0045,0.006,0.0005,,,0.0077,0.0005,0.0023,1.0385,0.8394,Porphyry,,,,,,,,,,,,,,,,,,,
83.7958,5.1731,2.2821,2311.3929,162.4654,0.3959,2.2404,40.503,9.1315,0.0482,0.0382,0.0948,0.0081,0.0393,0.0009,0.0067,0.0005,0.0077,0.0091,0.0051,,,,,,,0.0058,,,0.7373,0.5608,Porphyry,,,,,,,,,,,,,,,,,,,
84.3034,5.5235,0.9216,3614.6854,114.6898,0.0986,2.0735,163.1007,3.4681,0.2323,0.0726,0.0131,0.0343,0.0409,0.0029,0.0008,,0.0367,0.0494,0.0101,0.0044,0.0028,,,0.0049,0.0008,0.0038,,0.0039,1.1118,1.0644,Porphyry,,,,,,,,,,,,,,,,,,,
45.0431,5.6588,1.0876,1416.3561,214.0332,6.8262,1.9675,10.5382,26.0877,4.3956,0.6718,,0.9386,,,,0.003,,0.166,,,,,0.0109,,,,0.0156,,13.0491,19.4291,Porphyry,,,,,,,,,,,,,,,,,,,
112.0394,5.1522,0.4294,1656.12,187.2075,0.3819,1.4514,10.5028,31.0689,1.0201,0.5145,0.1154,0.0047,0.0323,,0.0045,0.0183,0.0612,,,0.0197,,0.0351,0.003,,,,0.003,0.0133,4.4348,3.4076,Porphyry,,,,,,,,,,,,,,,,,,,
55.6683,4.6517,1.8616,2457.1468,187.1933,3.0304,2.0983,13.9753,6.5462,4.1038,2.0988,0.0413,0.1721,0.0239,0.0028,,,,,0.0094,0.0189,,0.0112,,0.008,,,,0.0255,20.0174,17.2149,Porphyry,,,,,,,,,,,,,,,,,,,
67.2837,5.0472,1.776,4170.8999,133.5328,0.0428,1.6949,94.0262,5.4313,0.0183,0.037,,,0.049,,,,,0.0963,0.0114,,0.002,,,,,,,,1.24,1.2581,Porphyry,,,,,,,,,,,,,,,,,,,
59.8173,30.8774,1.9999,79.4939,67.1282,1.8091,2.7928,0.6423,1.3183,,0.0749,0.1025,0.136,,0.0095,0.0134,0.0023,,,0.009,0.0212,0.0016,,0.0032,0.0091,,0.0282,0.0063,,17.8296,6.068,Porphyry,,,,,,,,,,,,,,,,,,,
52.9711,2.8947,0.6212,106.8278,44.8283,0.0259,1.1569,0.1891,,,,,0.0301,,,,,,0.0553,,0.0111,,,0.0017,0.0096,,0.0148,,,0.0569,0.034,Porphyry,,,,,,,,,,,,,,,,,,,
34.9513,3.7741,1.8713,17.6161,52.5633,1.7115,2.0771,6.694,,0.0144,0.0265,0.0731,0.1636,0.0112,,,,0.0286,0.0343,,,,0.0194,,,0.0046,,,,1.8232,5.3461,Porphyry,,,,,,,,,,,,,,,,,,,
43.7828,4.8637,0.3921,2.4842,14.3703,0.4606,1.1217,0.8176,74.9793,0.0801,,0.0351,0.0204,0.0095,,,0.0101,,0.0963,,,,,,,0.0016,0.0076,0.0017,,,0.0005,Porphyry,,,,,,,,,,,,,,,,,,,
49.7583,2.8686,2.7877,43.9285,43.5853,0.2689,2.2474,0.091,31.7955,,0.003,,0.0196,0.0003,0.0021,,0.0079,0.0004,,0.003,0.0106,0.0016,,,,,,,0.0072,0.0092,0.0434,Porphyry,,,,,,,,,,,,,,,,,,,
64.8112,5.1927,1.8184,3.89,17.1099,0.4869,1.8735,1.1654,,0.0225,0.0045,0.0161,0.0176,0.0396,,,,,0.1552,,,,0.0127,0.0033,,,0.0072,,,0.4262,1.4264,Porphyry,,,,,,,,,,,,,,,,,,,
50.593,5.1677,1.4587,13.4455,4.1806,0.8161,0.9681,1.1565,20.104,,0.0145,0.0103,,0.057,0.0023,,,0.004,,,0.0093,0.0035,,,,,0.0157,,0.0079,1.6339,0.8452,Porphyry,,,,,,,,,,,,,,,,,,,
70.2304,3.6767,1.2152,5.8268,15.4669,1.1242,1.7089,1.6066,21.5131,0.0825,0.0106,0.0062,0.2741,0.0031,,,0.009,,,,,,0.0067,,0.0049,,,,0.0077,4.8493,3.8833,Porphyry,,,,,,,,,,,,,,,,,,,
57.8588,2.7939,4.2907,24.7422,10.3154,0.3543,1.8572,0.3799,50.2898,,0.0174,,,,0.0021,,,,0.0332,,,,0.0063,,,,,,0.0145,0.0664,0.0327,Porphyry,,,,,,,,,,,,,,,,,,,
61.7487,5.0662,1.9198,70.4481,54.2245,0.3209,1.601,0.8477,23.417,,0.0152,0.0846,0.0211,0.0061,,,,,0.0676,,0.0041,0.0023,,0.0017,0.0097,,,,0.0229,0.0057,0.0268,Porphyry,,,,,,,,,,,,,,,,,,,
53.2215,21.9086,2.0362,88.7586,59.9526,1.2444,2.9693,0.6224,2.5672,,0.0508,0.0634,0.244,0.0049,0.0063,0.0091,0.0013,,0.0152,0.0061,0.0185,0.0011,,0.0023,0.0097,,0.0247,0.0043,,12.0591,4.1012,Porphyry,,,,,,,,,,,,,,,,,,,
44.2427,3.1904,1.5853,76.3746,47.2277,0.5668,2.1299,2.5634,,0.0051,0.0034,0.0281,0.0587,0.0098,,,,0.0113,0.0468,,0.0078,,0.0037,0.0012,0.0067,0.0018,0.0105,,,0.6157,1.8043,Porphyry,,,,,,,,,,,,,,,,,,,
35.9823,4.1193,2.0306,12.4786,39.4399,1.2314,2.3491,4.8797,24.9596,0.034,0.0122,0.0628,0.1097,0.0101,,,0.0033,0.0208,0.0564,,,,0.0102,,,0.0038,0.0026,0.0006,,1.1878,3.5695,Porphyry,,,,,,,,,,,,,,,,,,,
40.3474,4.1559,1.5479,15.5722,22.384,0.3147,1.8202,0.5258,61.0108,0.0508,,0.0219,0.0147,0.0047,,,0.0092,,0.0638,0.0012,0.0042,0.0006,,,,0.0011,0.0051,0.0011,0.0028,0.001,0.0002,Porphyry,,,,,,,,,,,,,,,,,,,
50.6005,3.5451,2.3632,29.8104,33.1703,0.2879,2.6379,0.4811,21.6566,0.0114,0.0025,0.0057,0.0202,0.0141,0.0007,,0.0052,0.0001,0.0547,0.0022,0.0077,0.0012,0.0045,0.0012,,,0.0026,,0.0052,0.1551,0.5163,Porphyry,,,,,,,,,,,,,,,,,,,
58.2349,5.1446,2.0527,7.0207,12.82,0.5982,2.1116,1.2025,8.5787,0.0189,0.0081,0.0142,0.0119,0.0443,,0.0008,,,0.1064,,,0.0013,0.0088,0.0023,,,0.0106,,0.0029,0.8378,1.2675,Porphyry,,,,,,,,,,,,,,,,,,,
58.1588,5.0215,1.9524,10.2278,7.8274,0.6571,1.8336,0.7513,18.9384,0.0191,0.0115,0.0066,,0.036,0.0008,0.0008,0.001,0.0013,,,0.0031,0.0024,0.0044,,,,0.0109,,0.0055,1.1943,0.6638,Porphyry,,,,,,,,,,,,,,,,,,,
65.932,3.8279,1.8961,10.0117,13.7255,0.5991,2.6069,0.7031,29.0577,0.0466,0.0124,0.0021,0.0914,0.001,,,0.004,0.0047,0.011,,0.0007,,0.0066,,0.0016,,,,0.0087,1.7438,1.397,Porphyry,,,,,,,,,,,,,,,,,,,
58.1837,4.0254,2.9345,30.5121,22.7419,0.3014,2.4319,0.5671,37.8292,,0.0184,0.0217,0.0045,0.0033,0.0007,,,0.0047,0.0368,,0.003,0.0011,0.0021,0.0007,0.0042,,,,0.0208,0.0461,0.0282,Porphyry,,,,,,,,,,,,,,,,,,,
60.9115,14.372,2.0876,66.2253,56.3839,0.7964,2.7265,0.861,12.7711,,0.0361,0.0791,0.1319,0.0053,0.0032,0.0046,0.0006,,0.0373,0.0031,0.0109,0.0024,,0.0019,0.0106,,0.0097,0.0022,0.0175,6.1027,2.0885,Porphyry,,,,,,,,,,,,,,,,,,,
64.4852,4.0657,0.2526,123.0167,63.615,2.3363,3.9995,,38.9764,,0.0404,0.0899,0.1773,,0.012,,0.012,,,,0.0495,,,,,,0.033,0.0074,,36.2692,17.0781,Porphyry,,,,,,,,,,,,,,,,,,,
52.059,4.0357,0.6298,17.7624,56.4221,1.1165,3.0569,6.0049,,0.027,0.0088,0.0723,0.1765,0.0357,,,,0.0286,0.0509,,,,,,,,,,,2.6108,6.0244,Porphyry,,,,,,,,,,,,,,,,,,,
52.7298,4.8817,2.5839,2.1496,11.9814,0.9485,2.6252,2.1757,,,0.0039,0.0402,0.0561,0.0198,,,,,0.0639,,,,0.016,,0.0031,,0.0179,,,0.8136,2.3076,Porphyry,,,,,,,,,,,,,,,,,,,
62.1857,4.6121,0.2368,12.5859,4.0095,0.839,1.5014,1.1171,,,0.012,,0.0036,0.1527,,,,,,0.0011,0.0222,,,,,,,,0.0275,5.0257,2.674,Porphyry,,,,,,,,,,,,,,,,,,,
63.1385,3.189,0.3605,7.8278,15.9453,1.8746,1.7065,3.5208,64.681,0.0847,0.0094,0.0485,0.1571,0.0064,,,0.0117,0.0307,,,,,,,,,,,0.016,9.9093,7.748,Porphyry,,,,,,,,,,,,,,,,,,,
58.9111,5.3886,0.9763,14.1985,54.5172,2.8227,2.1535,2.686,31.4647,0.098,0.075,0.017,0.8965,0.0739,,,0.0097,0.0071,0.1033,,,,0.0136,,,,0.0151,0.0034,,0.0019,1.9143,Porphyry,,,,,,,,,,,,,,,,,,,
67.2783,5.3125,0.3793,57.1911,28.1602,0.2919,1.2228,,12.5956,0.0239,0.0067,,0.1145,0.0149,0.005,,,0.002,0.0771,,0.0379,0.0057,0.015,,0.0107,,0.0026,,,0.0081,0.0382,Porphyry,,,,,,,,,,,,,,,,,,,
48.8601,3.2513,4.862,31.0825,6.8211,,1.4663,0.6439,42.2593,,0.0154,,5.1155,0.0284,,,,,0.0103,,,0.0077,,,,0.0018,,,0.0173,0.0005,0.0008,Porphyry,,,,,,,,,,,,,,,,,,,
52.9443,3.8197,1.9213,97.1707,9.1229,9.6208,3.2526,5.9025,27.1084,0.0321,0.1897,0.2466,51.8901,,0.0069,0.0147,,,,0.0033,,,0.0137,0.0018,,0.0016,0.023,,0.0078,0.6715,5.6988,Porphyry,,,,,,,,,,,,,,,,,,,
72.1737,5.0266,,98.1721,1.8999,,2.0137,0.004,41.2221,0.116,0.0206,0.0137,0.0241,0.0098,,,,0.0392,0.0755,,,0.0014,,0.002,0.0057,,0.0089,,0.0061,,0.0213,Porphyry,,,,,,,,,,,,,,,,,,,
64.8099,3.5397,1.0347,108.9511,7.5546,0.3837,1.5847,0.8236,12.3592,0.0178,,0.0169,5.0011,,,0.0041,0.012,0.0032,,,,,,0.0017,,0.0047,,,0.0084,0.0096,0.0232,Porphyry,,,,,,,,,,,,,,,,,,,
65.6054,4.0168,0.4684,97.7549,3.3616,0.225,1.7911,0.0971,18.6745,0.1328,0.0227,0.0286,8.6155,0.0037,,0.0025,0.0084,,0.0416,,,,,0.0021,,0.002,0.0034,,,0.0003,0.0222,Porphyry,,,,,,,,,,,,,,,,,,,
44.4237,5.1577,2.3132,112.2855,7.7869,11.0933,3.1721,8.863,43.9574,0.1226,12.9588,0.2063,3.7348,0.0389,0.0208,0.0496,,0.0086,0.097,0.006,0.0105,0.0063,0.0375,0.0032,0.0223,0.0044,,0.0016,,1.3785,20.8566,Porphyry,,,,,,,,,,,,,,,,,,,
64.3357,5.2255,0.0708,101.0312,2.8924,4.0398,1.6268,1.4065,22.7515,0.0749,0.0023,,1.4701,0.0159,,0.0047,,0.0414,,,0.0259,0.0019,,,,0.0018,,0.002,,0.5744,5.0278,Porphyry,,,,,,,,,,,,,,,,,,,
41.629,4.1063,1.0399,106.0796,4.6855,1.1067,1.8489,0.0084,23.824,0.6271,0.0122,,0.0531,0.0622,0.0604,0.0022,,0.0075,,,0.0242,,,,0.0104,,0.0081,0.0018,0.0163,8.2422,1.3557,Porphyry,,,,,,,,,,,,,,,,,,,
61.2214,5.4044,1.0023,28.6289,45.8632,2.2736,2.4757,1.838,21.1345,0.0649,0.0476,0.0114,0.5975,0.0484,0.0016,0.0007,0.0075,0.0105,0.0931,,0.0119,0.0018,0.0138,,0.0034,,0.0154,0.0023,,0.0032,1.2414,Porphyry,,,,,,,,,,,,,,,,,,,
59.536,4.5958,0.8102,57.3056,21.5497,0.5533,1.9279,0.2341,27.468,0.0122,0.0052,,1.0074,0.0167,0.0032,0.0007,,0.0088,0.0672,,0.0245,0.0056,0.0097,,0.0069,0.0006,0.0061,,0.0058,0.0052,0.0254,Porphyry,,,,,,,,,,,,,,,,,,,
47.4053,3.4373,2.3038,61.3192,7.9455,4.9708,2.9786,2.4082,49.1305,0.0074,0.0671,0.0528,18.1151,0.019,0.0017,0.0039,,,0.0187,0.0012,,0.0045,0.0051,0.0007,,0.0012,0.0028,,0.0145,2.3317,10.3057,Porphyry,,,,,,,,,,,,,,,,,,,
57.1644,4.2969,1.3142,97.5955,6.572,7.8444,3.7874,3.927,41.113,0.0595,0.1294,0.1455,35.4195,0.0032,0.004,0.0088,,0.0122,0.0227,0.0023,,0.0004,0.0097,0.0019,0.0018,0.0005,0.0133,,0.0073,4.7206,11.5471,Porphyry,,,,,,,,,,,,,,,,,,,
68.2219,4.5623,0.6833,102.7203,3.7924,0.1294,2.538,0.2537,40.3292,0.086,0.0134,0.0208,0.1578,0.0064,,0.0014,0.0039,0.0253,0.0479,,,0.0009,,0.0019,0.0037,0.0016,0.0058,,0.0064,0.0032,0.0242,Porphyry,,,,,,,,,,,,,,,,,,,
64.261,4.0265,1.0379,106.1577,6.2049,0.3353,2.2172,0.5405,18.92,0.0504,0.0083,0.0286,1.0004,,,0.0041,0.01,0.0011,,,,,,0.0017,,0.0037,,,0.0053,0.0065,0.0228,Porphyry,,,,,,,,,,,,,,,,,,,
58.8851,4.8234,0.8403,101.7772,4.8088,7.861,3.1068,3.1584,34.1451,0.1253,0.2435,0.1062,1.3893,0.0197,0.0081,0.0201,0.0049,0.0019,0.0418,0.0024,0.0041,0.0025,0.0147,0.0026,0.0085,0.0028,0.0011,0.0006,,0.5265,7.7516,Porphyry,,,,,,,,,,,,,,,,,,,
51.9646,5.3284,1.4542,108.1196,6.0719,18.2444,3.5712,6.4854,43.257,0.0995,4.552,0.1482,3.2344,0.036,0.015,0.0358,,0.0201,0.0602,0.0044,0.0151,0.0051,0.0272,0.0023,0.016,0.0037,,0.0017,,1.147,16.2959,Porphyry,,,,,,,,,,,,,,,,,,,
55.6049,4.708,0.716,110.2034,3.836,4.9062,2.3228,0.951,23.1358,0.0446,0.0124,,1.0902,0.0124,,0.0029,,0.043,,,0.0161,0.0012,,,,0.0011,,0.0012,0.0127,0.3553,3.2861,Porphyry,,,,,,,,,,,,,,,,,,,
46.6016,4.3346,1.0289,86.6669,18.7822,1.1811,2.3117,0.6789,23.4201,0.2342,0.0268,0.0038,0.2169,0.0393,0.0206,0.001,0.0025,0.0199,0.031,,0.012,0.0006,0.0046,,0.0046,,0.0078,0.0014,0.0182,2.7512,0.8689,Porphyry,,,,,,,,,,,,,,,,,,,
52.444,4.2261,0.8032,94.1189,3.5427,2.1375,2.0743,0.0194,32.1018,0.9099,,,0.1473,0.1431,,0.0051,,,,,0.0556,,,,0.0238,,0.0188,0.0042,,18.6987,3.0444,Porphyry,,,,,,,,,,,,,,,,,,,
61.66,4.3091,0.1044,114.353,9.747,8.6949,1.3104,12.574,25.9702,0.1738,54.9286,0.3279,7.262,0.0482,0.0387,0.0118,,,,0.0248,,0.0065,,,0.0461,0.003,,,,2.1604,5.4249,Porphyry,,,,,,,,,,,,,,,,,,,
53.5754,5.4416,0.8113,81.3939,6.7754,0.1234,2.1043,1.0324,17.7912,0.1349,0.0101,0.0067,0.041,0.0601,0.0045,,,,0.0222,0.0066,,,0.0009,0.0018,,0.0016,,0.0017,0.0307,0.2186,0.1088,Porphyry,,,,,,,,,,,,,,,,,,,
56.713,5.3114,1.3173,156.2337,9.0036,0.3263,1.4089,,,0.076,0.0133,0.1184,,,,,,0.0739,0.1109,,0.0327,,,,,,,,0.011,0.0625,0.1208,Porphyry,,,,,,,,,,,,,,,,,,,
47.2865,57.9258,1.2202,921.6939,6.0267,346.7474,239.4964,2.3321,3.2502,0.0818,0.0324,0.2289,1.3974,0.0075,0.003,0.0082,0.003,0.0175,,,,,,0.0023,,,,0.0023,0.0808,21.2233,2.1671,Porphyry,,,,,,,,,,,,,,,,,,,
53.3381,17.6855,2.1862,2014.4971,7.4873,31.1451,11.3494,1.9968,22.16,0.0494,0.0365,,0.1814,,0.0085,0.0078,,0.0433,0.0022,0.0031,,,0.0128,0.0016,,0.003,,0.0016,1.7729,3.0276,0.7095,Porphyry,,,,,,,,,,,,,,,,,,,
64.5739,8.2199,0.1871,225.3922,15.1183,2.7716,1.273,2.3457,13.0358,10.895,23.0148,1991.5097,0.1272,0.1898,0.0506,0.0512,,0.0683,,0.0568,0.0142,0.0021,,0.0043,0.0061,,,,1.5078,16.4195,14.7164,Porphyry,,,,,,,,,,,,,,,,,,,
50.742,4.5583,0.8987,109.3825,4.0313,0.1682,1.3223,0.5172,,0.0851,,,0.0458,0.0328,,0.0046,0.0064,0.0715,,,0.0128,0.0019,,,,,,0.0038,,0.1351,0.084,Porphyry,,,,,,,,,,,,,,,,,,,
50.7323,5.4003,1.5119,522.2381,19.7418,0.0466,1.4425,3.0632,3.4863,0.0073,0.0061,0.0415,0.0725,0.0018,,,,,0.01,,,,,0.0017,0.0046,0.0015,,0.0032,,0.0464,0.1918,Porphyry,,,,,,,,,,,,,,,,,,,
54.9725,5.3601,3.5062,47.2258,56.9618,73.4956,30.5737,0.2088,10.1481,,,0.0983,0.2141,,0.0043,,0.0065,,0.0124,,,0.0016,,0.0033,,,,,0.1472,2.8834,1.4987,Porphyry,,,,,,,,,,,,,,,,,,,
61.7723,4.4815,2.8668,1.6413,155.1482,227.3983,16.6491,0.113,4.8282,,0.0732,0.0723,0.2928,0.0015,,0.0022,,0.0337,0.024,,,0.0036,0.0072,,0.0052,0.0034,0.0081,,0.0082,2.1859,0.356,Porphyry,,,,,,,,,,,,,,,,,,,
74.6762,3.873,0.8716,0.0392,22.1374,0.6787,1.9394,2.9316,18.6868,,0.0213,0.0665,0.03,0.0251,,0.004,0.0084,,0.0938,,,,,,,0.0016,,,,0.0857,0.0414,Porphyry,,,,,,,,,,,,,,,,,,,
48.2575,6.2902,0.2882,38.3137,6.3791,17.5634,1.878,2.499,,0.0237,0.0079,,0.1215,0.4377,,,0.006,,0.0256,0.0045,0.0159,,,,,,0.0213,,,0.0632,3.6477,Porphyry,,,,,,,,,,,,,,,,,,,
24.3574,6.0961,1.1502,12.5822,454.8367,891.5578,3.658,0.5864,54.2746,0.0157,0.0196,0.0727,0.7048,1.4225,0.0024,0.0065,0.0021,,0.1266,0.0003,0.0242,,,0.0018,0.0051,,,,,0.8291,13.5731,Porphyry,,,,,,,,,,,,,,,,,,,
45.4963,5.3098,4.0646,2159.63,294.9742,763.4994,5.8836,19.4315,52.7272,0.1243,0.573,0.0308,0.6709,4.9185,0.0041,0.012,,0.0092,0.0056,,0.0105,0.0031,0.0062,,,,,0.0031,,3.6158,49.2629,Porphyry,,,,,,,,,,,,,,,,,,,
54.5881,4.617,1.9909,5.8525,7.7471,0.9438,1.6425,2.4992,1.698,0.0979,0.0347,0.0149,0.0364,0.1032,0.006,0.0033,0.0057,0.0254,0.002,,,,0.0061,,0.0044,,,0.0046,,0.2344,1.6683,Porphyry,,,,,,,,,,,,,,,,,,,
56.196,5.4079,0.9176,106.1973,7.67,0.1682,2.4278,0.6841,14.1222,0.1424,0.0117,0.064,0.0281,0.0381,0.0031,,,0.0213,0.0382,0.0045,0.0108,,0.0003,0.002,,0.0011,,0.0012,0.0246,0.1739,0.1311,Porphyry,,,,,,,,,,,,,,,,,,,
54.3798,24.5794,1.0839,424.9584,8.023,100.059,106.3966,0.9136,2.4905,0.0748,0.0229,0.1294,0.4463,0.0044,,0.0032,0.0004,0.0485,0.0675,,0.0217,,,0.0017,,,,0.0009,0.0349,7.3321,0.7978,Porphyry,,,,,,,,,,,,,,,,,,,
51.5849,47.3129,1.0478,1380.2498,6.1742,227.4577,191.6674,2.4478,10.9344,0.0737,0.028,0.1209,0.9859,0.0069,0.0036,0.009,0.0014,0.0233,,0.0012,,,0.0052,0.0023,,0.0006,,0.0023,0.775,15.554,1.6632,Porphyry,,,,,,,,,,,,,,,,,,,
53.8597,14.105,1.3776,1507.4613,10.768,22.7734,10.6973,1.6629,20.6276,0.0413,0.0198,,0.1392,,0.0054,0.0057,0.0008,0.07,0.0179,0.0023,,,0.0095,0.0012,,0.0016,,0.0012,1.3114,2.4388,0.5319,Porphyry,,,,,,,,,,,,,,,,,,,
57.0471,5.5989,0.7167,196.8648,12.4164,1.3293,1.47,1.1583,10.2257,3.653,7.6747,1063.8366,0.0638,0.0768,0.0178,0.0187,0.0024,0.0857,0.0171,0.0189,0.0093,0.0014,,0.0014,0.002,,,0.0014,0.5026,5.7548,4.9778,Porphyry,,,,,,,,,,,,,,,,,,,
54.0313,5.0609,0.9452,252.224,9.5863,0.0999,1.8368,1.3412,0.4876,0.0497,0.002,0.0025,0.0317,0.0282,0.0009,0.0032,0.0039,0.046,,,0.0089,0.0013,,0.0006,0.0017,0.0006,,0.0039,,0.1074,0.0939,Porphyry,,,,,,,,,,,,,,,,,,,
52.5717,5.8807,1.1496,373.347,26.8918,19.9118,15.5398,2.1074,1.7166,0.0024,0.004,0.0243,0.0531,0.0057,,,0.0034,0.0011,0.0033,,,0.0008,,0.002,0.0032,0.0011,,0.0023,0.0682,1.1035,0.6702,Porphyry,,,,,,,,,,,,,,,,,,,
57.8848,5.2218,1.8057,37.446,80.6363,45.8496,25.8061,0.123,3.4496,,0.0131,0.0806,0.1578,0.0014,0.0014,0.0024,0.0055,0.0156,0.0188,,,0.0034,,0.0019,,0.0019,,,0.1173,2.1668,1.0705,Porphyry,,,,,,,,,,,,,,,,,,,
69.5969,4.1178,1.5857,1.1199,107.5292,77.4793,7.8075,1.0293,7.9676,,0.0434,0.0871,0.1081,0.0058,0.0008,0.0045,0.0027,0.0257,0.054,0.0011,,0.0032,0.0024,,0.0017,0.0036,0.0027,,0.0027,0.8915,0.1387,Porphyry,,,,,,,,,,,,,,,,,,,
65.5105,4.6425,0.9216,12.1113,17.3471,6.1769,2.4465,2.8558,12.5871,0.0056,0.0271,0.0453,0.0283,0.1696,0.0019,0.0027,0.0062,,0.0842,0.0027,0.0055,,,,,0.0011,0.0074,0.0005,,0.0893,1.3741,Porphyry,,,,,,,,,,,,,,,,,,,
36.0937,5.944,0.7192,28.5399,191.2575,52.9816,3.0386,2.0291,22.0676,0.0135,0.0453,0.0291,0.0589,0.9674,0.0011,,0.0059,0.0061,0.1081,0.0031,0.0464,,,,,,0.0145,0.0005,,0.2429,6.833,Porphyry,,,,,,,,,,,,,,,,,,,
26.2471,5.4957,0.9977,59.4506,471.0301,389.3055,4.7682,17.3668,62.4452,0.0324,0.1165,0.0954,1.2383,4.8478,0.0027,0.0022,0.0039,0.0061,0.1273,0.0001,0.0436,0.0029,0.0058,0.0006,0.0017,,0.0065,,,2.7102,45.1216,Porphyry,,,,,,,,,,,,,,,,,,,
47.8888,4.8255,1.9721,773.0724,232.4395,305.3265,4.7021,57.5213,39.8618,0.1008,0.2854,0.0594,0.6207,5.3827,0.0042,0.0058,0.0015,0.0123,0.0178,,0.0042,0.0039,0.0108,,0.0021,,0.0065,0.0025,,3.5417,53.3409,Porphyry,,,,,,,,,,,,,,,,,,,
56.8145,4.7785,1.2809,38.9729,6.5724,0.4794,2.1048,1.9097,5.2734,0.1123,0.0286,0.0334,0.0301,0.0822,0.004,0.003,0.0034,0.0247,0.0221,0.0015,0.0043,,0.005,0.0007,0.0035,0.0004,,0.0034,0.0082,0.2291,1.1938,Porphyry,,,,,,,,,,,,,,,,,,,
34.5358,48.6202,0.4528,446.6982,18.8782,262.7596,1023.7038,0.3343,46.5054,,0.0124,1224.2795,4.6999,,,0.0083,0.0006,,,,,,,0.0141,,,0.0015,0.0069,0.0618,216.785,27.7953,Porphyry,,,,,,,,,,,,,,,,,,,
55.4986,5.3604,2.8462,771.4482,12.647,0.0433,0.9253,5.8753,,0.0649,,0.0545,,,,,0.0073,,0.0634,,0.0122,,,0.0037,,,,0.0036,,0.0463,0.3209,Porphyry,,,,,,,,,,,,,,,,,,,
44.8293,7.0452,,84.0858,23.392,185.2883,87.5565,0.0619,,,,,0.4902,0.0385,,,0.0037,0.0223,,,,,,0.0084,,,,,0.5537,6.7967,2.8129,Porphyry,,,,,,,,,,,,,,,,,,,
55.1499,5.4917,0.3198,1.899,147.03,333.8081,35.65,,,,0.0348,0.1112,0.7679,,,,,0.0648,0.0174,,,0.0056,0.0222,,0.0159,,0.025,,0.0251,4.8612,0.4147,Porphyry,,,,,,,,,,,,,,,,,,,
73.3897,4.3254,,,17.5467,2.436,2.9442,1.6529,22.8266,,0.0258,,,0.0353,,,,,0.1674,,,,,,,,,,,0.154,0.0665,Porphyry,,,,,,,,,,,,,,,,,,,
46.5188,6.3671,5.9718,54.9177,4.8489,65.9571,3.4202,3.1371,,,0.0293,0.0152,0.0542,0.608,0.0048,0.0152,0.0051,,,,,,,,,,,0.0017,,0.104,5.825,Porphyry,,,,,,,,,,,,,,,,,,,
15.0912,6.8242,1.5231,17.5669,479.4327,1328.7032,4.1543,0.7867,51.0266,0.0487,0.0124,0.0685,1.062,0.888,0.0042,0.0076,0.0011,,0.1179,0.0011,,,,,0.0091,,,,,0.9374,12.0663,Porphyry,,,,,,,,,,,,,,,,,,,
48.1144,5.0168,8.9552,3887.621,223.9537,1374.2442,8.6262,69.2644,55.9564,0.1246,0.9462,0.084,1.4369,2.025,0.015,0.0328,,0.0167,,0.0012,0.0191,,,,,,,,,2.6526,22.2045,Porphyry,,,,,,,,,,,,,,,,,,,
49.3732,5.9816,0.7691,2396.9625,7.934,45.653,10.8196,1.4477,22.9076,0.0251,0.019,,0.2681,,0.0037,0.0068,,0.0124,,0.0054,,,,0.0029,,,,0.0028,0.4813,4.1851,0.8915,Porphyry,,,,,,,,,,,,,,,,,,,
61.6935,11.7409,0.2326,240.3635,14.5432,4.495,1.7923,3.5888,22.5777,20.0628,42.4648,7185.8571,0.2116,0.3312,0.1039,0.0899,,0.0344,,0.1049,0.0262,0.0039,,0.008,,,,,2.6805,28.1913,25.3598,Porphyry,,,,,,,,,,,,,,,,,,,
56.9753,4.0506,0.7647,296.3413,23.1978,1.3799,1.6581,0.6035,19.7895,,0.0124,1.5101,0.0107,,,,0.002,,,0.0032,0.0115,,0.0136,,,,,0.0017,,0.4553,0.242,Porphyry,,,,,,,,,,,,,,,,,,,
65.9266,3.9515,9.4633,1245.3039,113.9295,2.4836,2.6849,2.51,,0.0922,0.239,0.0685,0.0248,,0.0147,0.0335,,0.0489,,,,,,,,,,,,0.1977,1.9238,Porphyry,,,,,,,,,,,,,,,,,,,
46.0264,4.558,1.4884,458.1817,95.0104,1.3012,1.0108,0.9285,55.853,0.0436,0.0293,0.0345,0.0493,0.0489,0.0043,0.0039,,,0.0589,0.0031,,0.0016,,0.0017,,0.0015,,0.0016,,0.0355,0.6112,Porphyry,,,,,,,,,,,,,,,,,,,
54.4625,3.7706,1.5825,355.12,9.2395,9.2968,2.3902,5.6968,71.8871,,0.0122,0.0497,0.4469,,,0.0021,,0.0613,0.0606,0.0032,0.0114,,,,0.0049,,,,,1.9888,18.1135,Porphyry,,,,,,,,,,,,,,,,,,,
54.0444,4.9432,3.3753,1383.0916,9.4588,88.8521,3.2657,4.1151,,0.0379,0.0324,0.0898,0.2658,0.0519,0.002,0.0091,0.0023,,,,0.0206,,,0.0016,0.0044,,0.0068,0.003,,0.6812,5.0685,Porphyry,,,,,,,,,,,,,,,,,,,
55.9068,4.05,2.3082,5818.3647,12.8872,208.6848,27.0578,1.4154,50.0511,0.1121,0.0223,1.4516,0.1192,,0.002,0.0018,0.0047,0.0623,0.0342,,,,0.012,,0.0086,0.0014,,,,1.0479,0.6359,Porphyry,,,,,,,,,,,,,,,,,,,
52.2221,5.0149,1.5314,9435.2872,7.3859,16.2603,6.0992,1.6435,31.7125,,0.0183,0.7805,0.0461,,0.002,,0.005,0.0482,0.0245,,,0.0046,0.0061,0.0016,,,0.0069,,,0.5156,0.2332,Porphyry,,,,,,,,,,,,,,,,,,,
64.0678,4.3382,2.6267,990.2716,48.9062,89.5414,15.2492,0.9148,1.8722,0.1111,0.024,0.2259,0.1448,0.0271,0.0022,0.004,0.0066,0.0825,0.0143,0.0096,,,,,,,,0.0034,0.0152,0.5528,0.6435,Porphyry,,,,,,,,,,,,,,,,,,,
57.8079,6.5475,0.9376,31.5226,118.1736,122.6572,130.606,0.2185,,,0.0369,0.0156,0.3219,0.0066,,0.0038,0.0092,,0.0521,,,0.0016,,,,0.0015,0.007,0.0016,,0.8637,0.501,Porphyry,,,,,,,,,,,,,,,,,,,
79.4449,3.8945,0.5826,5007.4413,9.4064,0.4618,2.0314,2.744,55.4529,0.1704,,0.5689,0.0288,0.0145,0.0021,,0.006,0.008,0.0526,,0.0214,,,,,0.003,0.0071,0.0048,,0.1076,0.1437,Porphyry,,,,,,,,,,,,,,,,,,,
57.4181,4.4356,0.8246,604.3096,58.5519,0.978,2.1144,1.5322,23.7533,0.0181,0.0159,0.7901,0.1228,,,0.0001,0.0011,0.0027,,0.0024,0.0086,0.0001,0.0101,,,,,0.0013,,0.3655,0.6185,Porphyry,,,,,,,,,,,,,,,,,,,
56.5595,4.4794,3.7227,963.431,112.7308,1.2523,2.0983,2.2814,22.7373,0.0607,0.0932,0.0362,0.3595,0.0129,0.0058,0.0127,,0.019,0.0233,0.0012,,0.0007,,0.0007,,0.0006,,0.0007,,0.1341,1.3271,Porphyry,,,,,,,,,,,,,,,,,,,
50.4131,4.2375,1.0653,420.0126,65.7556,3.694,1.9744,2.6655,51.4818,0.0264,0.0197,0.0385,0.1537,0.0292,0.0023,0.004,,0.0205,0.0574,0.0036,,0.0012,,0.0012,,0.0011,,0.0012,,0.6143,5.7153,Porphyry,,,,,,,,,,,,,,,,,,,
56.2028,4.2367,1.0904,621.5333,8.8034,40.9029,3.7537,4.8797,41.5755,0.016,0.0108,0.0549,0.3313,0.0184,,0.0033,0.0019,0.041,0.0347,0.0024,0.0124,,,0.0006,0.0016,,0.0029,0.0006,0.001,1.4422,12.6855,Porphyry,,,,,,,,,,,,,,,,,,,
55.6566,4.5713,1.6857,2668.9045,8.8895,68.6496,3.9316,2.7248,1.8037,0.0782,0.0206,0.0689,0.1531,0.0357,0.0026,0.0046,0.0026,0.0173,,0.0012,0.0155,,,0.0012,0.0015,,0.0051,0.0017,0.001,0.4323,3.072,Porphyry,,,,,,,,,,,,,,,,,,,
55.7216,4.2586,1.3197,7842.8988,9.6056,74.0072,13.6573,1.3775,22.8471,0.0968,0.0159,0.7718,0.0587,,0.0034,0.0006,0.0023,0.0537,0.0114,0.0014,,0.0019,0.0065,0.0006,0.0029,0.0005,0.0028,,,0.5266,0.3097,Porphyry,,,,,,,,,,,,,,,,,,,
62.1611,4.6982,1.0459,8253.7128,24.8907,6.6605,14.5042,1.2052,26.8176,0.0562,0.0086,1.3444,0.08,0.0093,0.0015,,0.0069,0.07,0.0082,0.0046,,0.0034,0.0046,0.0012,,,0.0051,0.0011,,0.9368,0.6381,Porphyry,,,,,,,,,,,,,,,,,,,
63.926,4.7905,1.4237,493.0614,82.912,30.9737,32.5124,0.5679,12.5112,0.0833,0.0141,0.8859,0.1414,0.0183,0.0007,0.0013,0.01,0.0658,0.0097,0.0075,,,,,,0.0011,,0.0034,0.0051,1.0146,0.8393,Porphyry,,,,,,,,,,,,,,,,,,,
61.3186,5.4394,0.8626,1821.8186,89.3479,41.2688,63.0799,1.1782,18.1949,0.0641,0.0184,0.2131,0.1615,0.0101,,0.0013,0.0085,0.003,0.041,,0.0074,0.0005,,,,0.0026,0.0048,0.0033,,0.5518,0.3503,Porphyry,,,,,,,,,,,,,,,,,,,
71.2565,3.9975,0.7366,3672.2772,25.8655,0.6203,2.3969,2.4017,44.597,0.1269,0.0053,0.6609,0.0204,0.0127,0.0007,,0.0045,0.0065,0.0363,0.0008,0.0174,,0.0034,,,0.002,0.0048,0.0037,,0.1959,0.3015,Porphyry,,,,,,,,,,,,,,,,,,,
49.929,4.6235,1.0396,109.6333,32.0744,4.6333,2.313,0.3425,,,,4.5221,0.8645,0.0207,,,,,,,0.0476,,0.0562,,,,,,0.0097,1.1674,0.4483,Porphyry,,,,,,,,,,,,,,,,,,,
79.5129,2.7255,1.1589,1432.4505,143.5079,2.9874,2.4423,3.2588,,0.693,0.4858,0.1924,0.1257,,0.0213,0.0235,,,,,,,,,,,,,,0.2052,1.8131,Porphyry,,,,,,,,,,,,,,,,,,,
49.4629,3.6543,0.9028,453.7943,81.2382,3.2713,2.4296,1.1465,17.523,0.1411,0.039,,0.1311,,,0.0261,,,,,,0.0217,,,,,,,,0.0561,0.7883,Porphyry,,,,,,,,,,,,,,,,,,,
59.2756,3.505,1.7066,216.2905,3.8627,15.4711,1.8544,5.872,52.2651,,0.026,,0.918,,,0.0072,,0.0318,,0.008,,,,,,,,,,0.3671,31.395,Porphyry,,,,,,,,,,,,,,,,,,,
42.1874,5.2395,0.1621,1089.2527,7.2585,13.7604,3.3482,1.3599,0.4726,0.1172,0.0294,,0.1144,0.0308,,,,,,,,,,0.0065,,,,,0.0167,0.5964,2.937,Porphyry,,,,,,,,,,,,,,,,,,,
68.9591,4.1059,0.1406,7132.3125,17.1937,367.3118,9.3869,1.3708,41.2718,0.091,0.0089,1.1004,0.1319,,,0.0056,,0.1377,0.0999,,,,,,,,,,,1.2229,0.9263,Porphyry,,,,,,,,,,,,,,,,,,,
48.2756,4.7391,4.4852,9354.8926,7.0929,48.5107,7.9007,1.6675,21.5218,0.0438,0.0441,1.8193,0.0283,0.0046,0.0062,,0.0074,0.0445,0.0132,,,,,,,,,,,0.7311,0.3681,Porphyry,,,,,,,,,,,,,,,,,,,
70.974,4.6728,2.3941,1221.2747,45.1113,234.4066,34.9278,1.2746,29.4507,0.055,0.0041,0.0445,0.312,0.011,0.006,0.0054,,0.0133,0.0316,,,,,,,,,,0.0408,0.7205,0.1783,Porphyry,,,,,,,,,,,,,,,,,,,
63.8467,7.8218,0.0232,21.0788,111.3356,345.4823,129.7608,,,,0.0522,0.0715,0.3916,0.0386,,0.0087,0.011,0.0039,0.3134,,0.0265,,,,,,0.0323,,0.0178,1.2866,0.5317,Porphyry,,,,,,,,,,,,,,,,,,,
,,0.0,0.08,0.173,0.0,0.008,0.008,0.0,,,,0.0,0.0,,,,,,,,,,,,,,,,,0.0,SEDEX,46.769,0.0,0.004,0.012,53.232,,,,,,,,,,,,,,
,,0.012,0.155,0.071,0.001,0.0,0.021,0.055,,,,0.0,0.0,,,,,,,,,,,,,,,,,0.017,SEDEX,46.252,0.013,0.02,0.0,53.356,,,,,,,,,,,,,,
,,0.012,0.087,0.061,0.008,0.0,0.0,0.052,,,,0.0,0.001,,,,,,,,,,,,,,,,,0.0,SEDEX,46.533,0.0,0.0,0.0,53.224,,,,,,,,,,,,,,
,,0.0,0.393,0.077,0.0,0.003,0.0,0.03,,,,0.0,0.005,,,,,,,,,,,,,,,,,0.0,SEDEX,46.278,0.0,0.0,0.014,53.196,,,,,,,,,,,,,,
,,0.0,0.071,0.0,0.001,0.031,0.0,0.0,,,,0.016,0.0,,,,,,,,,,,,,,,,,0.0,SEDEX,46.509,0.0,0.0,0.0,53.235,,,,,,,,,,,,,,
,,0.0,0.078,0.0,0.0,0.022,0.164,0.0,,,,0.0,0.0,,,,,,,,,,,,,,,,,0.008,SEDEX,45.997,0.0,0.0,0.002,52.996,,,,,,,,,,,,,,
,,0.0,0.152,0.039,0.0,0.035,0.206,0.0,,,,0.0,0.0,,,,,,,,,,,,,,,,,0.0,SEDEX,46.064,0.007,0.0,0.055,52.828,,,,,,,,,,,,,,
,,0.0,0.082,0.0,0.035,0.0,0.014,0.0,,,,0.0,0.01,,,,,,,,,,,,,,,,,0.0,SEDEX,46.909,0.0,0.017,0.0,53.234,,,,,,,,,,,,,,
,,0.0,0.075,0.0,0.015,0.061,0.0,0.018,,,,0.013,0.007,,,,,,,,,,,,,,,,,0.0,SEDEX,46.39,0.0,0.0,0.015,53.14,,,,,,,,,,,,,,
,,0.012,2.54,0.008,0.0,0.034,2.476,0.0,,,,0.0,0.0,,,,,,,,,,,,,,,,,0.0,SEDEX,42.638,0.0,0.0,0.013,51.388,,,,,,,,,,,,,,
,,0.013,1.796,0.096,0.0,0.0,0.034,0.012,,,,0.0,0.01,,,,,,,,,,,,,,,,,0.0,SEDEX,44.039,0.0,0.02,0.0,53.138,,,,,,,,,,,,,,
,,0.022,0.222,0.377,0.0,0.0,0.023,0.0,,,,0.0,0.01,,,,,,,,,,,,,,,,,0.0,SEDEX,45.725,0.0,0.0,0.029,52.945,,,,,,,,,,,,,,
,,0.0,2.215,0.11,0.0,0.006,0.033,0.016,,,,0.0,0.0,,,,,,,,,,,,,,,,,0.0,SEDEX,43.975,0.016,0.0,0.041,53.126,,,,,,,,,,,,,,
,,0.019,2.838,0.109,0.0,0.0,0.018,0.03,,,,0.0,0.0,,,,,,,,,,,,,,,,,0.0,SEDEX,43.712,0.0,0.0,0.0,53.028,,,,,,,,,,,,,,
,,0.046,2.675,0.131,0.0,0.013,0.001,0.0,,,,0.012,0.0,,,,,,,,,,,,,,,,,0.0,SEDEX,43.409,0.0,0.0,0.021,52.932,,,,,,,,,,,,,,
,,0.007,1.208,0.09,0.0,0.0,0.041,0.017,,,,0.012,0.004,,,,,,,,,,,,,,,,,0.0,SEDEX,45.239,0.0,0.0,0.0,53.236,,,,,,,,,,,,,,
,,0.0,1.81,0.198,0.0,0.0,0.0,0.021,,,,0.007,0.011,,,,,,,,,,,,,,,,,0.0,SEDEX,44.122,0.0,0.0,0.0,53.166,,,,,,,,,,,,,,
,,0.0,0.103,0.0,0.014,0.0,0.0,0.0,,,,0.0,0.0,,,,,,,,,,,,,,,,,0.0,SEDEX,45.929,0.0,0.0,0.066,53.264,,,,,,,,,,,,,,
,,0.019,0.656,0.901,0.0,0.0,0.0,0.0,,,,0.016,0.0,,,,,,,,,,,,,,,,,0.0,SEDEX,45.341,0.0,0.0,0.0,52.775,,,,,,,,,,,,,,
,,0.0,0.442,0.117,0.0,0.021,0.0,0.0,,,,0.0,0.0,,,,,,,,,,,,,,,,,0.008,SEDEX,45.388,0.0,0.0,0.0,53.258,,,,,,,,,,,,,,
,,0.016,0.086,0.006,0.0,0.0,0.006,0.0,,,,0.01,0.0,,,,,,,,,,,,,,,,,0.04,SEDEX,45.815,0.0,0.003,0.005,53.111,,,,,,,,,,,,,,
,,0.009,0.49,0.699,0.034,0.0,0.02,0.0,,,,0.01,0.007,,,,,,,,,,,,,,,,,0.0,SEDEX,45.514,0.0,0.0,0.022,53.52,,,,,,,,,,,,,,
,,0.013,2.572,0.104,0.0,0.007,0.0,0.005,,,,0.0,0.0,,,,,,,,,,,,,,,,,0.0,SEDEX,44.469,0.0,0.006,0.037,53.081,,,,,,,,,,,,,,
,,0.012,2.809,0.091,0.0,0.0,0.037,0.0,,,,0.017,0.008,,,,,,,,,,,,,,,,,0.061,SEDEX,44.056,0.0,0.0,0.0,53.061,,,,,,,,,,,,,,
,,0.0,2.298,0.158,0.0,0.0,0.0,0.0,,,,0.001,0.0,,,,,,,,,,,,,,,,,0.0,SEDEX,43.787,0.01,0.003,0.0,52.964,,,,,,,,,,,,,,
,,0.0,1.596,0.139,0.0,0.0,0.02,0.0,,,,0.013,0.0,,,,,,,,,,,,,,,,,0.0,SEDEX,44.666,0.0,0.0,0.0,53.013,,,,,,,,,,,,,,
,,0.004,1.097,0.01,0.0,0.002,0.405,0.005,,,,0.0,0.0,,,,,,,,,,,,,,,,,0.0,SEDEX,45.341,0.0,0.009,0.006,52.854,,,,,,,,,,,,,,
,,0.009,0.071,0.0,0.016,0.037,0.0,0.0,,,,0.0,0.0,,,,,,,,,,,,,,,,,0.0,SEDEX,46.746,0.036,0.009,0.005,52.995,,,,,,,,,,,,,,
,,0.0,0.291,0.078,0.0,0.0,0.119,0.0,,,,0.0,0.002,,,,,,,,,,,,,,,,,0.0,SEDEX,46.326,0.0,0.0,0.01,53.16,,,,,,,,,,,,,,
,,0.0,0.136,0.01,0.0,0.059,0.02,0.011,,,,0.0,0.0,,,,,,,,,,,,,,,,,0.0,SEDEX,46.342,0.0,0.0,0.023,53.239,,,,,,,,,,,,,,
,,0.0,0.872,0.048,0.003,0.005,0.0,0.0,,,,0.0,0.0,,,,,,,,,,,,,,,,,0.0,SEDEX,45.659,0.0,0.0,0.008,52.973,,,,,,,,,,,,,,
,,0.0,0.124,0.002,0.0,0.0,0.0,0.039,,,,0.0,0.0,,,,,,,,,,,,,,,,,0.0,SEDEX,46.381,0.0,0.0,0.022,52.884,,,,,,,,,,,,,,
,,0.013,0.129,0.015,0.0,0.028,0.025,0.0,,,,0.0,0.029,,,,,,,,,,,,,,,,,0.0,SEDEX,46.425,0.0,0.0,0.042,53.252,,,,,,,,,,,,,,
,,0.0,0.167,0.019,0.023,0.0,0.009,0.0,,,,0.0,0.0,,,,,,,,,,,,,,,,,0.007,SEDEX,46.477,0.0,0.0,0.027,53.11,,,,,,,,,,,,,,
,,0.0,1.1,1.132,0.014,0.021,0.008,0.0,,,,0.0,0.0,,,,,,,,,,,,,,,,,0.0,SEDEX,43.872,0.018,0.0,0.0,53.175,,,,,,,,,,,,,,
,,0.0,0.191,0.073,0.0,0.0,0.172,0.0,,,,0.01,0.0,,,,,,,,,,,,,,,,,0.0,SEDEX,46.122,0.0,0.004,0.035,52.938,,,,,,,,,,,,,,
,,0.0,0.215,0.004,0.0,0.0,0.01,0.0,,,,0.0,0.0,,,,,,,,,,,,,,,,,0.0,SEDEX,45.87,0.0,0.001,0.038,53.165,,,,,,,,,,,,,,
,,0.016,1.665,0.074,0.0,0.052,0.178,0.0,,,,0.007,0.0,,,,,,,,,,,,,,,,,0.0,SEDEX,44.445,0.0,0.0,0.033,52.972,,,,,,,,,,,,,,
,,0.0,0.346,0.066,0.0,0.0,0.01,0.007,,,,0.015,0.0,,,,,,,,,,,,,,,,,0.0,SEDEX,46.137,0.0,0.01,0.024,53.381,,,,,,,,,,,,,,
,,0.014,3.404,0.278,0.0,0.0,0.037,0.0,,,,0.0,0.0,,,,,,,,,,,,,,,,,0.0,SEDEX,43.811,0.0,0.012,0.0,52.676,,,,,,,,,,,,,,
,,0.01,0.419,0.0,0.008,0.023,0.044,0.0,,,,0.0,0.0,,,,,,,,,,,,,,,,,0.0,SEDEX,46.044,0.032,0.0,0.0,53.068,,,,,,,,,,,,,,
,,0.006,0.363,0.021,0.0,0.0,0.062,0.0,,,,0.0,0.0,,,,,,,,,,,,,,,,,0.032,SEDEX,45.832,0.0,0.02,0.0,52.995,,,,,,,,,,,,,,
,,0.0,0.306,0.032,0.01,0.0,1.093,0.0,,,,0.0,0.0,,,,,,,,,,,,,,,,,0.0,SEDEX,45.463,0.027,0.0,0.0,52.258,,,,,,,,,,,,,,
,,0.013,0.477,0.076,0.04,0.0,0.18,0.0,,,,0.003,0.0,,,,,,,,,,,,,,,,,0.0,SEDEX,45.607,0.005,0.0,0.023,52.949,,,,,,,,,,,,,,
,,0.009,0.129,0.03,0.015,0.032,0.043,0.0,,,,0.005,0.0,,,,,,,,,,,,,,,,,0.0,SEDEX,46.365,0.0,0.004,0.0,53.302,,,,,,,,,,,,,,
,,0.0,0.413,0.04,0.013,0.059,0.092,0.0,,,,0.01,0.0,,,,,,,,,,,,,,,,,0.0,SEDEX,45.799,0.0,0.001,0.0,53.194,,,,,,,,,,,,,,
,,0.0,0.35,0.029,0.0,0.012,0.01,0.011,,,,0.004,0.0,,,,,,,,,,,,,,,,,0.0,SEDEX,45.789,0.005,0.005,0.0,53.043,,,,,,,,,,,,,,
,,0.0,0.37,0.034,0.006,0.045,0.027,0.0,,,,0.0,0.0,,,,,,,,,,,,,,,,,0.0,SEDEX,45.687,0.0,0.0,0.0,53.071,,,,,,,,,,,,,,
,,0.704,0.412,0.138,0.018,0.003,0.035,0.0,,,,0.027,0.004,,,,,,,,,,,,,,,,,0.0,SEDEX,45.884,0.0,0.007,0.0,52.248,,,,,,,,,,,,,,
,,0.0,0.425,0.032,0.0,0.0,0.068,0.004,,,,0.011,0.011,,,,,,,,,,,,,,,,,0.0,SEDEX,46.518,0.0,0.0,0.0,53.128,,,,,,,,,,,,,,
,,0.009,0.075,0.017,0.0,0.0,0.0,0.002,,,,0.007,0.0,,,,,,,,,,,,,,,,,0.01,SEDEX,46.742,0.0,0.0,0.049,53.246,,,,,,,,,,,,,,
,,0.02,0.056,0.0,0.0,0.034,0.0,0.0,,,,0.0,0.0,,,,,,,,,,,,,,,,,0.0,SEDEX,46.801,0.04,0.0,0.0,53.439,,,,,,,,,,,,,,
,,0.0,0.08,0.0,0.0,0.007,0.077,0.0,,,,0.0,0.0,,,,,,,,,,,,,,,,,0.0,SEDEX,46.257,0.0,0.0,0.0,53.109,,,,,,,,,,,,,,
,,0.0,0.067,0.008,0.014,0.0,0.051,0.03,,,,0.0,0.0,,,,,,,,,,,,,,,,,0.0,SEDEX,46.706,0.0,0.002,0.008,53.378,,,,,,,,,,,,,,
,,0.0,0.08,0.002,0.0,0.0,0.54,0.0,,,,0.0,0.016,,,,,,,,,,,,,,,,,0.0,SEDEX,46.666,0.0,0.0,0.034,52.399,,,,,,,,,,,,,,
,,0.014,0.081,0.001,0.022,0.0,0.047,0.0,,,,0.0,0.0,,,,,,,,,,,,,,,,,0.0,SEDEX,46.287,0.01,0.0,0.018,52.691,,,,,,,,,,,,,,
,,0.0,0.126,0.0,0.0,0.0,1.122,0.0,,,,0.011,0.0,,,,,,,,,,,,,,,,,0.012,SEDEX,46.64,0.0,0.0,0.036,51.8,,,,,,,,,,,,,,
,,0.0,0.109,0.0,0.0,0.017,0.025,0.0,,,,0.0,0.0,,,,,,,,,,,,,,,,,0.0,SEDEX,46.643,0.024,0.0,0.005,52.394,,,,,,,,,,,,,,
,,0.037,0.123,0.0,0.0,0.0,0.051,0.0,,,,0.001,0.0,,,,,,,,,,,,,,,,,0.0,SEDEX,46.82,0.0,0.019,0.0,52.25,,,,,,,,,,,,,,
,,0.0,0.087,0.0,0.0,0.027,0.945,0.0,,,,0.0,0.0,,,,,,,,,,,,,,,,,0.0,SEDEX,46.235,0.0,0.0,0.033,52.09,,,,,,,,,,,,,,
,,0.0,0.094,0.0,0.0,0.019,0.0,0.0,,,,0.0,0.0,,,,,,,,,,,,,,,,,0.0,SEDEX,46.742,0.0,0.017,0.004,53.068,,,,,,,,,,,,,,
,,0.025,0.086,0.0,0.016,0.0,0.0,0.009,,,,0.01,0.005,,,,,,,,,,,,,,,,,0.0,SEDEX,46.515,0.0,0.0,0.0,53.358,,,,,,,,,,,,,,
,,0.006,0.895,0.101,0.0,0.0,0.413,0.001,,,,0.0,0.0,,,,,,,,,,,,,,,,,0.0,SEDEX,45.151,0.0,0.0,0.01,52.725,,,,,,,,,,,,,,
,,0.0,0.154,0.002,0.022,0.0,0.0,0.011,,,,0.006,0.0,,,,,,,,,,,,,,,,,0.0,SEDEX,46.424,0.0,0.004,0.0,53.225,,,,,,,,,,,,,,
,,0.0,0.134,0.021,0.019,0.0,0.022,0.02,,,,0.008,0.0,,,,,,,,,,,,,,,,,0.0,SEDEX,46.43,0.0,0.003,0.014,53.133,,,,,,,,,,,,,,
,,0.0,1.206,0.199,0.0,0.005,0.021,0.0,,,,0.0,0.0,,,,,,,,,,,,,,,,,0.0,SEDEX,45.054,0.0,0.017,0.002,52.672,,,,,,,,,,,,,,
,,0.0,2.024,0.0,0.0,0.0,1.088,0.0,,,,0.0,0.0,,,,,,,,,,,,,,,,,0.0,SEDEX,44.535,0.0,0.002,0.0,52.343,,,,,,,,,,,,,,
,,0.0,0.066,0.0,0.002,0.0,0.03,0.066,,,,0.0,0.0,,,,,,,,,,,,,,,,,0.0,SEDEX,46.621,0.0,0.026,0.0,53.163,,,,,,,,,,,,,,
,,0.0,0.082,0.0,0.037,0.029,0.024,0.0,,,,0.0,0.011,,,,,,,,,,,,,,,,,0.0,SEDEX,46.691,0.0,0.0,0.0,53.204,,,,,,,,,,,,,,
,,0.0,0.073,0.0,0.04,0.0,0.01,0.0,,,,0.0,0.0,,,,,,,,,,,,,,,,,0.0,SEDEX,46.503,0.0,0.0,0.01,53.257,,,,,,,,,,,,,,
,,0.001,0.214,0.047,0.004,0.024,0.107,0.0,,,,0.001,0.0,,,,,,,,,,,,,,,,,0.007,SEDEX,46.221,0.008,0.0,0.048,53.037,,,,,,,,,,,,,,
,,0.007,0.078,0.003,0.0,0.0,0.0,0.017,,,,0.0,0.0,,,,,,,,,,,,,,,,,0.012,SEDEX,46.8,0.0,0.0,0.012,53.725,,,,,,,,,,,,,,
,,0.007,0.712,0.005,0.0,0.016,0.172,0.0,,,,0.0,0.0,,,,,,,,,,,,,,,,,0.0,SEDEX,46.242,0.011,0.0,0.0,53.282,,,,,,,,,,,,,,
,,0.0,0.323,0.034,0.0,0.0,0.031,0.011,,,,0.0,0.0,,,,,,,,,,,,,,,,,0.0,SEDEX,46.783,0.0,0.005,0.023,53.377,,,,,,,,,,,,,,
,,0.0,0.352,0.106,0.0,0.0,0.063,0.0,,,,0.0,0.0,,,,,,,,,,,,,,,,,0.0,SEDEX,46.253,0.0,0.009,0.058,53.179,,,,,,,,,,,,,,
,,0.0,0.205,0.005,0.019,0.0,0.292,0.0,,,,0.0,0.012,,,,,,,,,,,,,,,,,0.0,SEDEX,46.065,0.0,0.0,0.0,52.924,,,,,,,,,,,,,,
,,0.0,0.572,0.146,0.019,0.033,0.045,0.0,,,,0.0,0.0,,,,,,,,,,,,,,,,,0.025,SEDEX,46.319,0.0,0.004,0.014,53.303,,,,,,,,,,,,,,
,,0.006,0.505,0.079,0.0,0.0,0.161,0.0,,,,0.0,0.0,,,,,,,,,,,,,,,,,0.0,SEDEX,45.96,0.008,0.0,0.028,52.779,,,,,,,,,,,,,,
,,0.0,0.986,0.121,0.0,0.007,0.173,0.0,,,,0.005,0.0,,,,,,,,,,,,,,,,,0.0,SEDEX,45.744,0.0,0.0,0.024,53.306,,,,,,,,,,,,,,
,,0.0,0.146,0.0,0.015,0.019,0.351,0.0,,,,0.0,0.0,,,,,,,,,,,,,,,,,0.0,SEDEX,46.315,0.0,0.0,0.0,52.84,,,,,,,,,,,,,,
,,0.019,0.943,0.173,0.011,0.037,0.123,0.0,,,,0.0,0.0,,,,,,,,,,,,,,,,,0.005,SEDEX,45.755,0.0,0.0,0.0,53.063,,,,,,,,,,,,,,
,,0.001,1.085,0.087,0.0,0.0,0.139,0.0,,,,0.0,0.0,,,,,,,,,,,,,,,,,0.0,SEDEX,45.19,0.005,0.0,0.006,53.085,,,,,,,,,,,,,,
,,0.007,0.655,0.032,0.0,0.027,0.146,0.0,,,,0.007,0.0,,,,,,,,,,,,,,,,,0.0,SEDEX,46.118,0.0,0.029,0.018,53.137,,,,,,,,,,,,,,
,,0.0,0.789,0.129,0.0,0.012,0.159,0.016,,,,0.0,0.0,,,,,,,,,,,,,,,,,0.0,SEDEX,45.368,0.031,0.011,0.0,52.972,,,,,,,,,,,,,,
,,0.014,0.414,0.111,0.0,0.0,0.0,0.0,,,,0.01,0.0,,,,,,,,,,,,,,,,,0.0,SEDEX,46.13,0.0,0.015,0.0,52.563,,,,,,,,,,,,,,
,,0.013,0.183,0.106,0.0,0.0,0.459,0.026,,,,0.0,0.0,,,,,,,,,,,,,,,,,0.0,SEDEX,46.581,0.0,0.015,0.054,52.114,,,,,,,,,,,,,,
,,0.0,0.085,0.0,0.037,0.005,1.815,0.0,,,,0.0,0.0,,,,,,,,,,,,,,,,,0.003,SEDEX,45.503,0.0,0.044,0.005,52.351,,,,,,,,,,,,,,
,,0.0,0.074,0.006,0.0,0.005,0.044,0.009,,,,0.037,0.012,,,,,,,,,,,,,,,,,0.0,SEDEX,46.303,0.0,0.0,0.0,52.683,,,,,,,,,,,,,,
,,0.027,0.123,0.38,0.03,0.004,0.012,0.0,,,,0.0,0.006,,,,,,,,,,,,,,,,,0.0,SEDEX,46.002,0.019,0.0,0.0,52.682,,,,,,,,,,,,,,
,,0.0,0.075,0.011,0.0,0.0,0.952,0.0,,,,0.0,0.0,,,,,,,,,,,,,,,,,0.0,SEDEX,46.477,0.011,0.0,0.031,51.838,,,,,,,,,,,,,,
,,0.051,1.116,0.047,0.0,0.0,0.223,0.026,,,,0.0,0.019,,,,,,,,,,,,,,,,,0.0,SEDEX,45.158,0.011,0.002,0.0,52.775,,,,,,,,,,,,,,
,,0.004,1.025,0.172,0.0,0.0,0.276,0.0,,,,0.012,0.0,,,,,,,,,,,,,,,,,0.0,SEDEX,45.449,0.0,0.0,0.006,53.086,,,,,,,,,,,,,,
,,0.084,2.302,0.117,0.0,0.0,0.007,0.038,,,,0.0,0.0,,,,,,,,,,,,,,,,,0.0,SEDEX,44.103,0.0,0.0,0.005,53.354,,,,,,,,,,,,,,
,,0.017,1.11,0.072,0.0,0.0,0.159,0.032,,,,0.0,0.0,,,,,,,,,,,,,,,,,0.0,SEDEX,45.762,0.0,0.021,0.018,52.505,,,,,,,,,,,,,,
,,0.0,1.072,0.073,0.0,0.001,0.298,0.012,,,,0.0,0.004,,,,,,,,,,,,,,,,,0.01,SEDEX,45.427,0.0,0.0,0.01,52.924,,,,,,,,,,,,,,
,,0.001,0.874,0.708,0.0,0.028,0.049,0.0,,,,0.0,0.0,,,,,,,,,,,,,,,,,0.0,SEDEX,45.255,0.0,0.0,0.0,53.113,,,,,,,,,,,,,,
,,0.029,0.731,0.015,0.0,0.009,0.02,0.0,,,,0.01,0.0,,,,,,,,,,,,,,,,,0.025,SEDEX,45.391,0.0,0.0,0.026,52.992,,,,,,,,,,,,,,
,,0.016,0.84,0.077,0.0,0.0,0.181,0.0,,,,0.0,0.0,,,,,,,,,,,,,,,,,0.0,SEDEX,45.576,0.0,0.004,0.0,52.663,,,,,,,,,,,,,,
,,0.022,0.081,0.027,0.002,0.001,0.382,0.0,,,,0.004,0.007,,,,,,,,,,,,,,,,,0.0,SEDEX,46.018,0.0,0.008,0.014,52.961,,,,,,,,,,,,,,
,,0.013,0.083,0.0,0.002,0.0,0.039,0.0,,,,0.005,0.0,,,,,,,,,,,,,,,,,0.0,SEDEX,45.887,0.0,0.0,0.026,53.181,,,,,,,,,,,,,,
,,0.0,0.123,0.007,0.017,0.022,0.09,0.005,,,,0.01,0.0,,,,,,,,,,,,,,,,,0.0,SEDEX,45.943,0.0,0.0,0.0,53.103,,,,,,,,,,,,,,
,,0.0,0.155,0.093,0.0,0.003,0.018,0.0,,,,0.0,0.0,,,,,,,,,,,,,,,,,0.0,SEDEX,45.658,0.015,0.0,0.005,53.063,,,,,,,,,,,,,,
,,0.0,0.707,0.056,0.0,0.034,0.0,0.042,,,,0.007,0.0,,,,,,,,,,,,,,,,,0.0,SEDEX,45.242,0.0,0.001,0.0,53.13,,,,,,,,,,,,,,
,,0.006,0.071,0.0,0.0,0.0,0.504,0.0,,,,0.001,0.0,,,,,,,,,,,,,,,,,0.0,SEDEX,46.469,0.0,0.013,0.0,52.745,,,,,,,,,,,,,,
,,0.0,0.839,0.076,0.0,0.006,0.284,0.0,,,,0.009,0.0,,,,,,,,,,,,,,,,,0.0,SEDEX,45.528,0.0,0.02,0.0,53.31,,,,,,,,,,,,,,
,,0.017,0.923,0.063,0.0,0.036,0.301,0.017,,,,0.018,0.0,,,,,,,,,,,,,,,,,0.015,SEDEX,45.696,0.026,0.0,0.0,53.421,,,,,,,,,,,,,,
,,0.012,0.857,0.083,0.022,0.0,0.096,0.0,,,,0.015,0.0,,,,,,,,,,,,,,,,,0.0,SEDEX,44.988,0.0,0.003,0.0,52.939,,,,,,,,,,,,,,
,,0.014,1.141,0.077,0.0,0.0,0.47,0.0,,,,0.0,0.0,,,,,,,,,,,,,,,,,0.0,SEDEX,45.622,0.0,0.0,0.026,53.075,,,,,,,,,,,,,,
,10.23,1.56,4586.56,6634.23,1591.97,30.07,1984.93,409.04,,,0.48,3.87,0.29,,,,,,,,,,,,,,,0.21,17.88,32.49,VMS,,,,0.91,,0.3,13.62,0.49,0.03,1.72,0.01,,,,,,,,
,10.84,0.62,3331.01,9340.98,49.08,5.12,1331.62,590.92,,,0.0,0.0,0.03,,,,,,,,,,,,,,,1.25,0.75,0.42,VMS,,,,0.16,,0.22,2.16,0.11,1.01,0.67,0.03,,,,,,,,
,6.78,0.21,2451.39,18655.71,61.45,8.24,5500.88,455.14,,,0.02,1.78,1.3,,,,,,,,,,,,,,,0.06,12.7,40.12,VMS,,,,0.37,,0.09,2.22,0.09,0.28,0.77,0.01,,,,,,,,
,501.05,0.0,4117.39,28.26,23.97,343.0,2575.64,183.97,,,0.35,1.28,10.65,,,,,,,,,,,,,,,0.95,3.28,149.91,VMS,,,,0.51,,1.6,14.54,0.0,0.0,0.71,0.05,,,,,,,,
,875.5,3.11,3138.42,634.25,216.05,128.5,17172.08,227.72,,,4.19,15.5,0.0,,,,,,,,,,,,,,,0.45,14.47,2421.82,VMS,,,,7.1,,11.46,18.08,0.8,3.57,35.0,0.8,,,,,,,,
,3159.29,8.64,710.64,47.91,459.02,169.53,11815.67,372.09,,,0.09,5.27,0.0,,,,,,,,,,,,,,,1.04,46.07,2329.13,VMS,,,,4.58,,36.17,86.88,0.0,2.28,9.02,1.39,,,,,,,,
,689.75,2.59,2833.6,21.55,231.48,264.51,14685.86,659.56,,,0.59,8.49,0.0,,,,,,,,,,,,,,,2.1,14.71,3449.87,VMS,,,,3.65,,21.0,73.56,1.66,9.13,11.71,2.15,,,,,,,,
,829.46,17.89,1050.14,19.78,594.21,5.45,14144.97,481.16,,,0.87,14.75,0.0,,,,,,,,,,,,,,,7.98,45.4,3856.91,VMS,,,,4.69,,37.65,84.65,0.36,5.79,160.53,0.82,,,,,,,,
,61.72,0.21,655.39,8957.71,241.55,8.24,1460.88,335.14,,,0.42,1.72,3.34,,,,,,,,,,,,,,,1.06,14.7,42.12,VMS,,,,0.47,,1.29,2.62,0.39,2.28,1.27,0.31,,,,,,,,
,371.05,2.1,3114.39,448.26,243.37,343.0,2475.44,153.97,,,3.35,1.23,14.65,,,,,,,,,,,,,,,1.95,2.38,129.91,VMS,,,,0.31,,2.4,13.54,0.0,0.0,3.11,0.05,,,,,,,,
,575.4,18.11,3123.5,100.34,234.06,265.5,9172.78,0.0,,,2.19,12.5,47.72,,,,,,,,,,,,,,,3.35,13.43,2241.82,VMS,,,,2.1,,14.46,58.05,0.3,2.54,15.2,0.4,,,,,,,,
,1259.29,4.64,2710.64,44.41,553.32,5.45,4885.68,0.0,,,0.39,3.27,52.09,,,,,,,,,,,,,,,1.04,36.04,1329.13,VMS,,,,3.53,,26.18,36.88,0.0,3.24,2.02,1.39,,,,,,,,
,145.82,2.32,2301.01,3344.98,44.48,62.78,1434.62,690.42,,,0.0,0.0,4.05,,,,,,,,,,,,,,,1.25,3.73,2.42,VMS,,,,0.15,,2.32,4.16,2.11,1.22,2.67,0.03,,,,,,,,
,43.79,1.21,3051.89,5655.76,31.45,126.11,2300.84,135.14,,,0.32,3.78,14.3,,,,,,,,,,,,,,,3.46,13.72,45.12,VMS,,,,0.57,,3.09,7.22,0.29,3.28,3.47,0.11,,,,,,,,
,47.39,2.16,459.33,291.8,238.75,37.2,18567.36,1366.98,,,0.15,4.87,23.56,,,,,,,,,,,,,,,0.1,31.36,261.24,VMS,,,,4.71,,0.25,8.2,0.0,3.6,0.0,0.0,,,,,,,,
,40.03,0.0,1088.54,67.92,74.62,50.51,16023.41,2046.02,,,0.5,1.2,2.31,,,,,,,,,,,,,,,0.05,0.8,18.22,VMS,,,,1.64,,0.0,2.5,0.0,0.0,0.0,0.06,,,,,,,,
,47.53,4.6,110.58,35.6,1777.26,172.98,3689.28,765.95,,,1.79,40.31,28.91,,,,,,,,,,,,,,,0.0,0.06,405.41,VMS,,,,0.74,,8.48,19.9,0.0,4.74,1.71,0.33,,,,,,,,
,80.68,6.69,1108.3,6676.46,1114.39,51.9,33237.27,4553.36,,,1.3,4.02,11.9,,,,,,,,,,,,,,,12.41,20.48,85.93,VMS,,,,2.45,,4.2,16.33,1.11,0.85,1.19,0.18,,,,,,,,
,33.91,5.83,755.8,1485.92,1622.94,71.44,2974.4,6862.18,,,1.34,0.13,11.01,,,,,,,,,,,,,,,1.75,10.67,20.07,VMS,,,,0.08,,10.78,15.38,0.54,0.0,2.28,0.11,,,,,,,,
,16.09,4.17,153.8,3.27,3303.56,757.33,2460.42,0.0,,,22.86,54.38,11.68,,,,,,,,,,,,,,,0.01,19.81,449.9,VMS,,,,4.86,,13.96,30.31,39.95,0.38,3.34,6.5,,,,,,,,
,6.14,0.0,22.16,0.0,300.02,2.23,2.6,19.9,,,0.02,0.07,0.0,,,,,,,,,,,,,,,0.01,3.08,0.08,VMS,,,,0.03,,0.01,0.0,0.0,0.0,0.12,0.0,,,,,,,,
,6.0,16.42,1.34,2.79,59.65,10.34,6.47,27.36,,,0.01,21.17,0.28,,,,,,,,,,,,,,,0.01,0.93,1.57,VMS,,,,0.33,,0.03,0.89,0.19,0.27,0.05,0.01,,,,,,,,
,7.73,2.47,17.64,2.92,1.21,8.9,10.42,0.0,,,0.0,0.0,0.0,,,,,,,,,,,,,,,0.02,0.0,1.32,VMS,,,,0.04,,0.0,0.3,0.0,0.0,0.03,0.0,,,,,,,,
,7.11,3.18,19.61,2.87,51.36,8.02,8.03,222.91,,,0.03,1.64,0.1,,,,,,,,,,,,,,,0.0,1.09,9.52,VMS,,,,0.48,,0.02,14.11,0.09,0.29,0.43,0.0,,,,,,,,
,5.33,0.73,0.0,0.17,122.05,2.09,81.8,109.64,,,0.04,0.02,0.01,,,,,,,,,,,,,,,0.0,0.0,0.09,VMS,,,,0.03,,0.07,0.0,0.07,0.0,0.04,0.0,,,,,,,,
,6.32,1.57,0.0,0.26,195.67,3.55,10.36,873.77,,,0.06,37.29,0.01,,,,,,,,,,,,,,,0.0,0.44,2.74,VMS,,,,2.1,,0.0,0.31,0.21,0.01,0.03,0.01,,,,,,,,
,5.9,0.53,1.5,0.0,118.58,2.83,15.98,560.66,,,0.13,8.13,1.27,,,,,,,,,,,,,,,0.0,4.84,27.94,VMS,,,,0.14,,0.13,0.0,0.0,0.1,0.0,0.01,,,,,,,,
,5.37,0.0,77.3,1.32,224.38,2.39,0.0,126.97,,,0.0,0.39,0.06,,,,,,,,,,,,,,,0.0,0.23,0.45,VMS,,,,0.5,,0.02,1.21,0.0,0.03,0.02,0.0,,,,,,,,
,6.41,5.42,1.54,0.83,227.9,2.82,14.44,310.12,,,0.16,37.96,0.12,,,,,,,,,,,,,,,0.01,0.34,4.58,VMS,,,,1.38,,0.0,0.82,0.17,0.08,0.12,0.01,,,,,,,,
,7.64,0.24,70.72,1.09,17.36,2.64,11.79,783.64,,,0.02,21.05,0.0,,,,,,,,,,,,,,,0.02,0.82,4.46,VMS,,,,1.08,,0.04,0.0,0.0,0.3,0.11,0.01,,,,,,,,
,7.6,0.0,0.28,0.47,15.62,2.2,1.64,476.15,,,0.02,0.33,0.0,,,,,,,,,,,,,,,0.0,0.03,0.08,VMS,,,,0.27,,0.04,0.06,0.0,0.47,0.0,0.0,,,,,,,,
,4.89,0.0,52.32,1.32,70.86,2.31,331.52,515.91,,,1.07,16.47,0.08,,,,,,,,,,,,,,,0.0,0.37,1.54,VMS,,,,0.23,,0.0,0.05,0.07,1.5,0.08,0.02,,,,,,,,
,57.66,0.0,39.46,15.36,65.34,67.71,57.71,1375.88,,,0.0,28.4,6.61,,,,,,,,,,,,,,,0.0,10.67,70.14,VMS,,,,0.83,,0.0,0.0,0.0,2.36,0.0,0.19,,,,,,,,
,7.14,2.18,14.65,25.57,41.36,4.29,23.03,232.49,,,0.43,1.46,0.43,,,,,,,,,,,,,,,0.0,1.31,3.52,VMS,,,,0.43,,0.4,6.14,0.3,0.24,0.34,0.0,,,,,,,,
,59.89,0.0,446.48,82.37,74.66,14.08,272.45,355.04,,,0.0,16.69,0.38,,,,,,,,,,,,,,,0.0,1.27,74.31,VMS,,,,0.39,,0.21,2.23,0.0,0.0,0.62,0.0,,,,,,,,
,33.11,2.03,997.63,79.77,12.72,52.61,19.72,0.0,,,0.0,0.0,0.05,,,,,,,,,,,,,,,0.09,0.02,0.51,VMS,,,,0.0,,0.15,3.73,0.91,0.0,0.32,0.05,,,,,,,,
,49.56,3.15,858.09,15.86,31.39,25.07,476.09,407.23,,,0.13,63.34,1.33,,,,,,,,,,,,,,,0.11,45.48,175.22,VMS,,,,4.36,,2.99,19.15,0.0,0.35,1.83,0.24,,,,,,,,
,50.6,13.33,872.32,51.22,263.04,200.25,0.0,0.0,,,0.0,0.0,0.46,,,,,,,,,,,,,,,0.07,0.17,17.64,VMS,,,,0.11,,0.0,0.0,0.0,5.11,0.66,0.03,,,,,,,,
,40.43,0.0,575.52,8.75,0.87,0.87,2.13,0.0,,,0.0,0.01,0.0,,,,,,,,,,,,,,,0.03,0.0,0.32,VMS,,,,0.01,,1.63,0.0,0.0,0.03,0.08,0.0,,,,,,,,
,6.05,0.83,218.5,5.15,0.95,2.03,0.72,6.95,,,0.02,0.0,0.0,,,,,,,,,,,,,,,0.0,0.17,0.34,VMS,,,,0.0,,0.27,0.0,0.24,0.0,0.0,0.0,,,,,,,,
,6.05,0.39,320.34,27.76,1.03,3.29,1.48,0.0,,,0.0,0.02,0.02,,,,,,,,,,,,,,,0.07,0.08,0.2,VMS,,,,0.01,,0.69,4.3,0.08,0.16,0.0,0.0,,,,,,,,
,6.13,0.36,769.93,8.14,0.57,2.16,1.77,0.0,,,0.0,0.02,0.0,,,,,,,,,,,,,,,0.02,0.02,0.04,VMS,,,,0.01,,0.04,0.46,0.32,0.44,0.04,0.0,,,,,,,,
,6.7,0.39,403.05,8.68,0.2,73.89,2.32,0.0,,,0.0,0.0,0.0,,,,,,,,,,,,,,,0.0,0.0,0.03,VMS,,,,0.02,,0.04,0.76,0.0,0.11,0.0,0.01,,,,,,,,
,5.93,0.4,16.52,3.15,319.74,30.62,7.12,176.23,,,0.06,2.74,0.74,,,,,,,,,,,,,,,0.01,2.33,6.63,VMS,,,,0.06,,0.0,0.93,0.07,0.42,0.06,0.0,,,,,,,,
,7.42,0.0,3.93,0.62,1.89,1.27,12.78,0.0,,,0.0,0.03,0.04,,,,,,,,,,,,,,,0.0,0.46,0.19,VMS,,,,0.0,,0.0,0.0,0.15,0.0,0.0,0.01,,,,,,,,
,5.3,7.83,3.48,18.6,2.95,34.37,8.19,0.0,,,1.11,0.2,0.0,,,,,,,,,,,,,,,0.16,0.59,1.67,VMS,,,,0.0,,0.05,0.55,0.0,0.63,0.18,0.0,,,,,,,,
,6.19,0.14,0.62,0.66,1.2,0.0,6.72,0.0,,,0.05,0.0,0.05,,,,,,,,,,,,,,,0.02,0.01,0.02,VMS,,,,0.0,,0.0,0.49,0.18,0.44,0.02,0.02,,,,,,,,
,19.24,5.87,63.3,20.77,537.0,488.18,156.67,35.61,,,79.2,45.43,32.96,,,,,,,,,,,,,,,0.04,173.01,868.82,VMS,,,,1.69,,1.11,71.78,0.4,0.34,0.47,6.0,,,,,,,,
,8.41,0.96,142.82,16.85,470.99,35.65,289.9,67.56,,,6.59,63.53,93.92,,,,,,,,,,,,,,,0.97,252.24,370.89,VMS,,,,1.92,,1.82,99.38,0.3,0.57,0.55,7.57,,,,,,,,
,5.31,0.0,8.83,0.0,20.03,2.87,30.48,696.91,,,0.0,10.01,0.16,,,,,,,,,,,,,,,0.01,14.82,23.13,VMS,,,,1.3,,0.04,0.86,0.0,0.0,0.04,0.0,,,,,,,,
,5.13,0.0,0.06,0.0,2.8,3.73,682.31,0.0,,,0.21,1.85,45.74,,,,,,,,,,,,,,,0.01,0.0,24.63,VMS,,,,0.0,,0.0,22.67,0.0,0.16,0.05,8.67,,,,,,,,
,6.0,0.43,0.0,1.49,31.73,7.37,689.68,0.0,,,2.21,8.0,42.56,,,,,,,,,,,,,,,3.08,0.0,62.78,VMS,,,,0.01,,0.03,32.63,0.0,0.22,0.02,50.72,,,,,,,,
,6.03,0.6,0.0,1.11,30.69,4.21,491.41,0.0,,,0.83,23.78,37.69,,,,,,,,,,,,,,,6.83,0.0,431.18,VMS,,,,0.12,,0.01,14.53,0.16,0.05,0.06,70.49,,,,,,,,
,41.44,2.19,160.1,19.26,777.62,17.25,19.79,1455.75,,,0.15,1.33,0.07,,,,,,,,,,,,,,,0.0,0.31,2.51,VMS,,,,0.0,,0.18,6.04,0.0,1.81,0.15,0.0,,,,,,,,
,46.56,6.45,108.22,143.06,92.08,131.65,25.89,1153.76,,,0.0,0.19,0.0,,,,,,,,,,,,,,,0.17,0.07,2.26,VMS,,,,0.1,,0.06,0.47,0.0,0.21,1.73,0.02,,,,,,,,
,46.38,0.0,131.82,118.79,117.28,61.98,44.67,60.81,,,0.13,0.95,0.06,,,,,,,,,,,,,,,0.0,0.0,0.28,VMS,,,,0.0,,0.07,3.91,0.0,4.09,0.0,0.06,,,,,,,,
,8.82,0.24,14.53,0.81,1.2,515.1,0.0,562.53,,,0.0,0.0,0.0,,,,,,,,,,,,,,,0.01,0.22,0.0,VMS,,,,0.0,,0.0,0.07,0.0,0.17,0.0,0.0,,,,,,,,
,8.32,0.24,74.72,0.48,532.01,49.57,0.97,65.94,,,0.0,0.03,0.0,,,,,,,,,,,,,,,0.0,4.25,0.35,VMS,,,,0.02,,0.0,0.2,0.0,0.07,0.0,0.02,,,,,,,,
,8.85,0.0,10.4,0.0,3.16,3.14,13.44,94.71,,,0.89,0.23,0.22,,,,,,,,,,,,,,,0.0,1.23,1.29,VMS,,,,0.0,,0.02,0.76,0.0,0.22,0.02,0.01,,,,,,,,
,31.46,8.79,1.95,25.42,207.64,193.32,3.42,105.92,,,5.21,4.34,38.58,,,,,,,,,,,,,,,0.37,0.51,563.47,VMS,,,,0.29,,4.96,355.52,0.0,6.0,3.74,0.58,,,,,,,,
,8.45,0.79,0.04,2.63,55.72,3.25,629.6,0.0,,,0.09,1.71,6.83,,,,,,,,,,,,,,,0.0,0.02,113.62,VMS,,,,0.67,,0.09,2.53,0.0,0.04,0.09,0.21,,,,,,,,
,33.07,1.23,0.13,0.0,20.33,4.15,20.48,636.31,,,0.0,4.01,0.16,,,,,,,,,,,,,,,0.01,14.82,23.14,VMS,,,,1.3,,3.83,225.87,0.0,0.0,0.04,0.0,,,,,,,,
,5.51,0.46,52.82,36.55,230.99,128.09,489.9,367.55,,,5.55,33.53,53.92,,,,,,,,,,,,,,,0.67,42.24,270.24,VMS,,,,1.92,,1.62,29.38,0.8,0.67,0.65,5.57,,,,,,,,
,16.23,2.84,0.0,0.0,37.34,35.87,598.54,0.0,,,2.31,23.01,46.59,,,,,,,,,,,,,,,1.39,0.0,343.95,VMS,,,,1.39,,1.32,25.31,4.35,2.68,0.33,4.72,,,,,,,,
,5.93,0.4,16.52,3.15,319.74,86.05,7.12,176.23,,,0.06,2.74,0.74,,,,,,,,,,,,,,,0.01,2.33,6.63,VMS,,,,0.06,,0.0,0.93,0.07,0.42,0.06,0.0,,,,,,,,
,4.1,3.94,12.91,0.32,1649.04,1073.89,3401.5,82.59,,,1.72,4.44,0.91,,,,,,,,,,,,,,,0.02,20.92,7.19,VMS,,,,3.02,,0.08,46.72,3.01,0.88,8.17,0.03,,,,,,,,
,48.16,6.52,0.0,2.06,2102.6,925.53,8302.12,0.0,,,1.19,29.41,290.26,,,,,,,,,,,,,,,0.09,0.45,528.91,VMS,,,,0.77,,2.57,40.01,0.0,2.8,168.92,15.27,,,,,,,,
,8.87,17.32,10.48,32.34,92.0,40.3,25.57,35.86,,,45.42,43.8,0.55,,,,,,,,,,,,,,,0.04,7.29,53.5,VMS,,,,4.47,,0.04,0.43,0.19,0.71,0.07,0.03,,,,,,,,
,8.69,18.16,21.43,1.17,3038.53,1771.67,3634.26,148.82,,,3.49,11.25,2.21,,,,,,,,,,,,,,,0.01,32.76,14.66,VMS,,,,3.51,,0.0,67.82,3.7,0.03,4.22,0.02,,,,,,,,
,7.21,0.0,8.29,1.75,14720.42,44.7,71.21,353.68,,,0.0,72.53,71.76,,,,,,,,,,,,,,,0.0,24.82,0.39,VMS,,,,4.6,,0.03,0.71,0.3,1.13,0.0,0.02,,,,,,,,
,6.1,2.3,0.93,48.78,1407.37,399.47,15249.21,28.94,,,6.48,192.78,2083.53,,,,,,,,,,,,,,,0.21,23.91,182.03,VMS,,,,8.03,,4.23,138.77,2.55,0.1,129.21,167.77,,,,,,,,
,5.75,3.0,0.45,38.18,1055.16,48.99,17257.16,25.07,,,4.39,123.71,1783.02,,,,,,,,,,,,,,,0.14,16.62,79.24,VMS,,,,3.04,,0.22,183.43,0.28,0.85,1.84,221.15,,,,,,,,
,6.16,4.48,2.14,52.13,772.91,9615.42,10030.28,40.02,,,8.03,93.82,1096.96,,,,,,,,,,,,,,,0.32,31.38,153.3,VMS,,,,1.28,,0.83,179.6,30.73,0.32,19.47,147.35,,,,,,,,
,7.03,2.56,0.06,8.33,1668.8,73.95,17039.29,0.0,,,7.13,68.6,2981.23,,,,,,,,,,,,,,,0.43,4.15,53.34,VMS,,,,2.75,,0.41,193.06,0.03,0.46,20.42,308.98,,,,,,,,
,57.74,2.77,14.49,14.67,1346.28,76.07,182.6,62.54,,,0.21,34.25,21.62,,,,,,,,,,,,,,,0.13,0.67,87.84,VMS,,,,1.18,,0.41,1.67,0.47,0.05,0.1,0.09,,,,,,,,
,56.26,19.33,106.22,261.26,2424.83,85.92,6668.37,772.47,,,0.15,0.06,3.98,,,,,,,,,,,,,,,0.25,0.35,25.49,VMS,,,,4.32,,0.0,0.92,0.0,3.83,3.1,0.07,,,,,,,,
,47.52,0.0,294.32,96.43,10507.08,50.51,13162.21,45.32,,,0.25,35.38,91.65,,,,,,,,,,,,,,,0.0,84.07,2372.62,VMS,,,,20.35,,1.97,22.61,164.77,9.2,1.79,0.53,,,,,,,,
,40.03,0.0,188.54,67.92,74.62,9986.84,16023.41,35.68,,,0.5,1.2,2.31,,,,,,,,,,,,,,,0.05,0.8,18.22,VMS,,,,1.64,,0.0,2.5,0.0,0.0,0.0,0.06,,,,,,,,
,37.71,6.33,0.49,28.15,11028.55,3155.93,4265.44,0.0,,,60.09,62.92,61.17,,,,,,,,,,,,,,,0.11,0.07,52559.14,VMS,,,,1.9,,0.04,12.16,2.81,1.51,0.01,0.19,,,,,,,,
,7.06,1.1,0.34,78.97,3789.07,15641.23,21193.6,19.47,,,14.55,422.79,1865.62,,,,,,,,,,,,,,,0.09,24.18,515.35,VMS,,,,8.75,,0.92,395.29,37.22,0.16,1.74,376.55,,,,,,,,
,6.34,1.03,144.05,4.46,16383.83,3.43,330.72,40.52,,,0.56,2.04,1.61,,,,,,,,,,,,,,,0.0,9.18,6.34,VMS,,,,0.46,,0.08,4.2,0.0,0.09,0.04,0.06,,,,,,,,
,51.99,0.0,0.43,52.34,18765.8,14.88,13.18,0.0,,,0.0,83.07,0.0,,,,,,,,,,,,,,,0.05,18.91,55.02,VMS,,,,4.17,,0.16,4.26,0.0,0.0,0.11,0.03,,,,,,,,
,34.9,15.05,0.29,0.0,14549.05,4025.88,78015.17,0.0,,,2.69,1043.82,9315.9,,,,,,,,,,,,,,,0.0,0.0,2899.35,VMS,,,,37.59,,0.0,136.2,107.08,0.24,0.93,23.24,,,,,,,,
,7.27,0.69,82.77,0.0,8.41,5.81,11417.82,63.19,,,1.8,0.0,0.0,,,,,,,,,,,,,,,0.02,0.49,0.65,VMS,,,,9.3,,0.02,0.57,0.0,0.5,0.55,0.02,,,,,,,,
,6.5,3.33,20.63,0.24,6.53,5.17,3293.29,111.17,,,0.0,0.03,0.0,,,,,,,,,,,,,,,0.01,0.14,0.61,VMS,,,,0.34,,0.04,0.48,0.0,0.2,1.96,0.05,,,,,,,,
,6.94,1.02,0.33,18.36,220.51,13.77,17388.23,10.29,,,0.28,25.93,84.09,,,,,,,,,,,,,,,0.25,6.98,90.9,VMS,,,,0.49,,1.2,217.52,0.15,0.03,0.18,41.37,,,,,,,,
,9.06,1.33,16.35,119.11,905.44,62.02,3984.89,19.38,,,1.43,143.51,465.06,,,,,,,,,,,,,,,0.46,31.19,1202.32,VMS,,,,3.67,,5.26,289.09,0.4,0.1,10.27,29.71,,,,,,,,
,6.5,3.0,0.0,0.16,283.99,87.02,9695.77,20.3,,,18.45,56.2,561.26,,,,,,,,,,,,,,,0.0,0.0,2026.77,VMS,,,,0.78,,0.16,298.23,0.08,0.1,0.12,399.38,,,,,,,,
,7.38,0.0,53.68,1.11,190.32,4.2,595.96,74.08,,,1.66,8.02,19.09,,,,,,,,,,,,,,,0.01,38.44,255.75,VMS,,,,0.36,,0.09,13.85,0.15,0.07,0.19,11.95,,,,,,,,
,60.16,1.21,155.54,6.88,750.35,66.18,5460.74,5.9,,,4.76,38.16,169.36,,,,,,,,,,,,,,,0.82,157.5,511.94,VMS,,,,1.38,,1.17,68.94,0.29,0.14,0.24,27.52,,,,,,,,
,11.17,0.45,25.13,2.75,98.8,15.1,487.23,13.21,,,18.54,7.48,5.85,,,,,,,,,,,,,,,0.0,28.1,41.41,VMS,,,,0.31,,1.55,77.87,0.08,0.25,0.16,1.34,,,,,,,,
,7.32,1.13,0.87,10.82,42.43,5.79,1217.15,107.22,,,0.32,7.12,18.65,,,,,,,,,,,,,,,0.0,0.07,82.01,VMS,,,,1.38,,0.01,2.19,0.08,0.0,1.4,2.33,,,,,,,,
,4.53,1.21,0.02,0.09,22.61,23.61,23034.68,0.0,,,4.92,2.51,4158.01,,,,,,,,,,,,,,,0.77,0.0,191.31,VMS,,,,0.24,,0.24,49.4,0.0,0.18,2.34,125.07,,,,,,,,
,4.88,4.77,0.04,1.06,2394.26,127.7,2935.78,0.0,,,1.13,196.17,1228.3,,,,,,,,,,,,,,,2.79,0.01,735.9,VMS,,,,0.08,,0.09,42.99,1.89,0.25,4.85,6.14,,,,,,,,
,7.16,0.1,0.03,0.41,89.12,18.87,22165.91,69.62,,,3.21,34.84,51.97,,,,,,,,,,,,,,,0.14,0.2,697.92,VMS,,,,0.5,,0.37,75.91,0.14,0.37,0.22,656.53,,,,,,,,
,7.78,2.19,10.65,57.42,296.01,115.54,806.67,6.73,,,5.48,18.95,42.6,,,,,,,,,,,,,,,0.11,0.46,132.94,VMS,,,,5.44,,1.63,139.27,0.03,0.01,8.14,0.09,,,,,,,,
,7.38,0.99,0.02,20.74,395.14,30.26,15682.55,32.35,,,2.98,50.73,286.11,,,,,,,,,,,,,,,0.2,10.89,62.4,VMS,,,,0.66,,7.8,182.2,0.0,0.21,0.26,142.43,,,,,,,,
,5.61,0.07,0.0,1.52,283.64,37.4,12831.5,0.0,,,2.2,23.95,2544.65,,,,,,,,,,,,,,,0.7,0.01,547.36,VMS,,,,1.97,,1.49,41.71,0.0,0.68,1.85,127.1,,,,,,,,
,7.04,2.57,118.26,0.21,9.12,3.13,10558.4,326.65,,,1.09,0.03,0.0,,,,,,,,,,,,,,,0.01,0.15,0.37,VMS,,,,7.73,,0.03,0.0,0.1,0.26,0.05,0.01,,,,,,,,
,55.34,12.77,0.29,7.03,1083.36,41.3,345.95,0.0,,,0.0,16.55,525.54,,,,,,,,,,,,,,,7.98,0.0,282.34,VMS,,,,0.79,,1.02,185.74,0.17,1.35,3.3,184.65,,,,,,,,
,28.83,12.81,0.12,22.45,11853.81,2047.56,100170.61,0.0,,,155.64,1189.86,23008.07,,,,,,,,,,,,,,,0.0,0.0,11888.39,VMS,,,,60.28,,1.66,2309.07,2.25,3.25,5.94,913.46,,,,,,,,
,29.88,4.07,0.15,13.37,19236.29,6866.4,85170.56,0.0,,,145.03,757.73,15148.68,,,,,,,,,,,,,,,0.36,0.07,24166.27,VMS,,,,58.11,,1.23,2016.22,12.55,1.22,1.42,654.02,,,,,,,,
,8.33,0.96,0.0,3.21,1696.48,724.52,23536.87,4.51,,,40.92,35.65,3240.76,,,,,,,,,,,,,,,0.01,0.01,436.43,VMS,,,,2.47,,0.41,1440.8,1.31,0.25,0.2,423.46,,,,,,,,
,8.01,0.81,0.0,0.26,1067.0,611.21,20463.81,0.0,,,24.12,57.25,3330.98,,,,,,,,,,,,,,,0.0,0.0,602.18,VMS,,,,2.6,,0.1,901.49,1.5,0.12,0.23,163.15,,,,,,,,
,7.83,0.13,0.01,1.71,2019.38,1183.26,10805.46,0.0,,,23.63,142.74,3933.8,,,,,,,,,,,,,,,0.0,0.0,7768.78,VMS,,,,4.07,,0.15,1113.45,1.87,0.19,0.51,361.56,,,,,,,,
,8.08,0.67,99.51,5.91,4230.06,35.57,11998.06,2.43,,,7.3,415.63,51.56,,,,,,,,,,,,,,,0.03,98.39,322.94,VMS,,,,2.25,,0.83,3017.61,1.26,0.0,1.94,115.98,,,,,,,,
,7.13,2.31,114.57,4.94,4790.05,46.54,17626.04,39.96,,,14.59,687.42,89.53,,,,,,,,,,,,,,,0.02,131.92,1237.9,VMS,,,,2.6,,6.01,4692.93,1.15,0.07,1.57,116.03,,,,,,,,
,7.22,3.88,0.4,21.42,2735.62,4437.28,325.57,30.96,,,0.2,37.05,22.54,,,,,,,,,,,,,,,0.07,1.33,154.12,VMS,,,,0.96,,0.21,4.95,10.85,0.85,18.53,0.78,,,,,,,,
,5.12,6.03,0.77,10.39,632.69,48.32,14960.18,0.0,,,2.98,235.08,1410.37,,,,,,,,,,,,,,,0.12,1.62,810.51,VMS,,,,5.17,,1.31,96.64,0.88,0.81,5.7,82.89,,,,,,,,
,6.65,0.82,28.42,26.69,513.08,9604.19,4508.02,50.37,,,3.8,143.04,515.7,,,,,,,,,,,,,,,0.21,0.56,108.85,VMS,,,,1.91,,1.12,1166.61,20.72,0.0,1.76,5.29,,,,,,,,
,43.9,13.75,43.52,101.68,2137.8,2120.3,9073.17,44.13,,,4.81,742.44,319.66,,,,,,,,,,,,,,,3.83,4.01,2723.07,VMS,,,,8.93,,10.7,1572.25,5.53,0.49,11.4,113.7,,,,,,,,
,5.07,4.14,38.85,70.25,1408.21,2112.6,9211.69,77.61,,,21.94,821.58,304.59,,,,,,,,,,,,,,,0.08,5.04,2185.95,VMS,,,,4.45,,0.66,293.39,4.77,0.46,6.5,140.74,,,,,,,,
,48.01,9.94,147.01,112.8,1625.58,2476.81,4580.43,6.88,,,30.96,548.2,292.41,,,,,,,,,,,,,,,4.64,3.94,2564.41,VMS,,,,11.96,,14.63,996.35,55.11,1.13,157.93,46.58,,,,,,,,
,15.49,1.89,1.4,2.16,772.7,34.51,4606.98,51.26,,,0.98,621.21,505.68,,,,,,,,,,,,,,,10.94,0.01,391.6,VMS,,,,81.3,,0.82,1244.92,0.19,0.06,2.02,16.29,,,,,,,,
,25.93,14.66,0.21,23.54,8822.75,5058.72,104185.7,0.0,,,193.99,497.41,31789.14,,,,,,,,,,,,,,,0.0,0.05,2889.8,VMS,,,,30.19,,0.89,6416.98,6.45,3.15,1.38,4766.33,,,,,,,,
,22.94,6.53,0.05,15.83,21512.49,2467.2,51892.0,0.0,,,128.53,1242.96,30996.43,,,,,,,,,,,,,,,0.0,0.02,2890.37,VMS,,,,39.65,,0.62,2980.51,334.49,1.58,5.4,1235.03,,,,,,,,
,28.4,10.1,0.36,18.63,11797.4,160.82,102436.56,181.17,,,187.46,567.15,13799.74,,,,,,,,,,,,,,,0.11,0.06,10831.89,VMS,,,,32.54,,0.98,4556.66,5.48,0.0,1.41,938.86,,,,,,,,
,32.65,9.32,4.92,22.07,5605.23,10721.22,59712.01,1039.96,,,16.36,146.21,712.16,,,,,,,,,,,,,,,0.0,0.01,1990.22,VMS,,,,18.88,,4.36,984.59,1.01,0.0,0.85,190.19,,,,,,,,
,38.23,9.33,169.82,257.96,1832.88,2968.37,18781.5,505.44,,,0.75,21.44,1841.31,,,,,,,,,,,,,,,0.32,1.86,2820.69,VMS,,,,3.88,,5.83,1584.96,0.0,3.14,7.39,56.06,,,,,,,,
,97.69,7.41,420.06,90.9,452.12,564.67,3811.92,2877.88,,,0.82,16.54,324.92,,,,,,,,,,,,,,,0.41,3.72,926.09,VMS,,,,2.48,,0.74,970.86,1.65,1.08,9.29,3.96,,,,,,,,
,36.07,3.83,0.0,0.0,10937.6,3.89,7698.54,0.0,,,2.89,29.01,166.36,,,,,,,,,,,,,,,1.79,0.0,380.97,VMS,,,,1.19,,1.05,245.87,4.65,2.14,0.43,7.72,,,,,,,,
,30.09,1.85,0.21,7.41,5768.25,1145.64,102337.63,309.59,,,106.28,260.12,21911.73,,,,,,,,,,,,,,,0.0,0.0,2501.3,VMS,,,,22.59,,0.42,5224.82,2.66,0.69,1.0,1130.21,,,,,,,,
,22.34,9.28,2234.72,6.03,28.55,104.34,18.96,16.92,,,3.27,5.65,9.6,,,,,,,,,,,,,,,1.77,1.45,554.45,VMS,,,,1.46,,5.54,16.52,1.0,1.0,4.64,1.43,,,,,,,,
,5.62,3.07,670.85,0.74,312.86,49.88,162.38,0.0,,,1.0,7.28,9.89,,,,,,,,,,,,,,,1.33,0.03,207.36,VMS,,,,0.51,,0.04,14.26,0.36,0.0,2.64,1.36,,,,,,,,
,32.09,1.13,1342.56,0.91,9.1,124.39,20.58,0.0,,,0.56,0.07,0.31,,,,,,,,,,,,,,,2.55,0.05,19.46,VMS,,,,0.04,,0.12,16.94,1.65,0.19,5.06,0.03,,,,,,,,
,28.31,2.63,2493.72,26.63,46.87,528.26,557.12,667.19,,,34.47,0.82,1.49,,,,,,,,,,,,,,,0.18,4.27,633.34,VMS,,,,0.35,,0.13,7.7,1.92,0.26,4.66,1.18,,,,,,,,
,31.17,25.58,920.86,100.17,22.62,5.12,7.39,368.67,,,0.91,0.86,1.63,,,,,,,,,,,,,,,0.66,29.0,22.78,VMS,,,,0.34,,6.32,2.47,0.19,0.2,0.32,0.0,,,,,,,,
,12.43,6.27,1082.54,34.41,13.62,14.9,6.16,429.6,,,0.03,0.2,0.0,,,,,,,,,,,,,,,1.14,6.38,1.3,VMS,,,,0.03,,2.54,1.0,0.12,0.31,0.98,0.02,,,,,,,,
,8.86,0.47,76.58,12.99,11.9,17.0,12.68,764.38,,,0.03,0.0,0.0,,,,,,,,,,,,,,,0.0,0.01,0.7,VMS,,,,0.0,,0.04,0.65,0.0,0.0,0.11,0.0,,,,,,,,
,5.85,0.0,68.2,25.1,7.98,1.15,15.06,280.54,,,0.0,0.07,0.0,,,,,,,,,,,,,,,0.01,0.0,0.08,VMS,,,,0.0,,0.02,0.0,0.0,0.02,0.0,0.0,,,,,,,,
,5.75,0.0,22.66,1.7,7.93,1.01,14.15,0.0,,,0.03,0.09,1.5,,,,,,,,,,,,,,,0.0,1.61,5.92,VMS,,,,0.01,,0.0,0.0,0.15,0.07,0.05,0.12,,,,,,,,
,8.4,0.0,57.22,1.15,10.31,3.21,36.39,50.74,,,0.0,0.8,0.43,,,,,,,,,,,,,,,0.0,4.89,10.78,VMS,,,,0.02,,0.04,0.51,0.08,0.0,0.07,0.0,,,,,,,,
,35.16,6.63,760.88,104.15,27.68,30.07,5.54,354.5,,,0.41,0.46,1.43,,,,,,,,,,,,,,,0.26,22.43,5.73,VMS,,,,0.24,,4.36,4.47,0.19,0.44,0.38,0.0,,,,,,,,
,15.66,5.55,886.74,37.47,43.59,5.45,6.54,2405.84,,,0.33,0.46,0.41,,,,,,,,,,,,,,,1.39,2.33,3.34,VMS,,,,0.23,,4.64,0.57,0.12,0.35,0.38,0.45,,,,,,,,
,4.54,0.64,75.62,42.66,15.97,8.24,15.41,2046.02,,,0.23,0.0,0.35,,,,,,,,,,,,,,,0.0,2.41,0.65,VMS,,,,0.0,,6.05,0.85,0.0,0.0,0.41,0.1,,,,,,,,
,46.66,8.63,769.57,1100.36,117.37,57.33,51.28,1948.76,,,0.08,0.08,0.86,,,,,,,,,,,,,,,0.99,9.98,1.9,VMS,,,,0.14,,0.16,4.96,1.32,3.0,1.08,0.05,,,,,,,,
,52.92,1.34,3065.1,392.89,77.11,495.1,52.28,7250.71,,,5.04,0.47,0.59,,,,,,,,,,,,,,,3.47,8.2,11.51,VMS,,,,0.0,,0.37,8.13,1.77,0.46,1.79,0.02,,,,,,,,
,47.16,0.0,3824.74,248.57,47.59,48.28,23.67,2802.49,,,13.78,1.08,0.0,,,,,,,,,,,,,,,1.73,27.24,25.48,VMS,,,,0.76,,0.16,7.34,0.0,4.83,0.62,0.17,,,,,,,,
,43.06,5.57,1975.68,81.05,27.16,40.07,23.59,10624.83,,,0.24,2.04,0.0,,,,,,,,,,,,,,,0.0,2.3,7.46,VMS,,,,0.08,,0.0,3.52,0.0,3.84,0.0,0.09,,,,,,,,
,52.23,1.03,849.92,25.88,48.46,45.2,22.22,10521.86,,,0.0,0.4,0.16,,,,,,,,,,,,,,,0.05,3.19,6.2,VMS,,,,0.08,,0.15,2.46,0.0,1.52,0.0,0.0,,,,,,,,
,51.12,5.34,365.1,292.39,47.31,31.62,22.28,2220.73,,,2.04,0.27,0.56,,,,,,,,,,,,,,,3.77,3.2,21.21,VMS,,,,0.0,,0.57,6.13,0.7,0.46,1.69,0.34,,,,,,,,
,27.36,0.0,2834.44,1044.57,57.55,182.09,13.67,1402.44,,,6.78,5.08,0.0,,,,,,,,,,,,,,,2.73,27.24,15.48,VMS,,,,3.76,,0.36,5.34,0.0,3.43,0.42,2.17,,,,,,,,
,41.98,7.58,1798.67,36.0,22.33,51.75,23.58,921.19,,,0.0,0.0,0.09,,,,,,,,,,,,,,,0.0,13.75,1.32,VMS,,,,0.11,,2.32,2.07,1.38,0.0,6.12,0.0,,,,,,,,
,57.89,9.89,2195.84,348.14,41.22,29.01,329.9,198.28,,,0.0,0.44,0.0,,,,,,,,,,,,,,,0.27,1.39,1.65,VMS,,,,0.0,,1.91,52.76,0.0,0.6,0.95,0.0,,,,,,,,
,33.9,3.2,3652.73,825.6,9.05,35.65,216.04,0.0,,,5.83,0.74,0.18,,,,,,,,,,,,,,,0.04,3.38,3.78,VMS,,,,0.06,,0.27,8.94,0.0,0.0,2.1,0.01,,,,,,,,
,46.43,8.71,437.23,387.48,24.27,75.59,352.82,778.6,,,0.0,5.24,0.0,,,,,,,,,,,,,,,0.2,15.38,9.08,VMS,,,,0.16,,2.48,47.34,1.54,1.99,1.95,0.01,,,,,,,,
,63.63,0.0,1586.84,1046.7,28.53,51.21,358.1,1221.24,,,0.39,3.94,1.81,,,,,,,,,,,,,,,1.24,5.29,2.84,VMS,,,,0.0,,8.79,0.0,0.0,0.0,2.14,0.03,,,,,,,,
,38.19,17.81,1183.48,1625.81,71.77,29.64,70.6,1747.19,,,0.42,14.58,4.36,,,,,,,,,,,,,,,30.15,122.2,124.82,VMS,,,,0.42,,2.77,2.91,1.35,0.72,1.3,0.01,,,,,,,,
,,,0.01,0.19,0.1,0.16,0.25,0.39,,,,0.01,0.02,,,,,,,,,,,,,,,,0.01,0.01,Epithermal,3.0,,0.03,0.01,,,,,,,,,,,,,,,
,,,0.02,0.25,0.13,0.22,0.33,0.46,,,,0.01,0.03,,,,,,,,,,,,,,,,0.01,0.01,Epithermal,3.0,,0.04,0.01,,,,,,,,,,,,,,,
,,,0.01,0.2,0.11,0.17,0.27,0.36,,,,0.01,0.02,,,,,,,,,,,,,,,,0.01,0.01,Epithermal,3.0,,0.04,0.01,,,,,,,,,,,,,,,
,,,0.03,0.44,0.24,0.38,0.57,0.77,,,,0.02,0.05,,,,,,,,,,,,,,,,0.01,0.01,Epithermal,6.0,,0.08,0.01,,,,,,,,,,,,,,,
,,,0.01,0.19,0.1,0.17,0.25,0.34,,,,0.01,0.02,,,,,,,,,,,,,,,,0.0,0.01,Epithermal,3.0,,0.03,0.01,,,,,,,,,,,,,,,
,,,0.01,0.2,0.11,0.17,0.26,0.35,,,,0.01,0.02,,,,,,,,,,,,,,,,0.01,0.01,Epithermal,3.0,,0.03,0.01,,,,,,,,,,,,,,,
,,,0.01,0.25,0.13,0.2,0.31,0.41,,,,0.01,0.03,,,,,,,,,,,,,,,,0.01,0.01,Epithermal,3.0,,0.04,0.01,,,,,,,,,,,,,,,
,,,0.02,0.25,0.13,0.22,0.33,0.43,,,,0.01,0.03,,,,,,,,,,,,,,,,0.01,0.01,Epithermal,3.0,,0.05,0.01,,,,,,,,,,,,,,,
,,,0.01,0.19,0.1,0.16,0.25,0.32,,,,0.01,0.02,,,,,,,,,,,,,,,,0.0,0.01,Epithermal,2.0,,0.03,0.01,,,,,,,,,,,,,,,
,,,0.01,0.23,0.12,0.19,0.29,0.36,,,,0.01,0.02,,,,,,,,,,,,,,,,0.01,0.01,Epithermal,3.0,,0.04,0.01,,,,,,,,,,,,,,,
,,,0.01,0.2,0.11,0.17,0.26,0.32,,,,0.01,0.02,,,,,,,,,,,,,,,,0.01,0.01,Epithermal,3.0,,0.03,0.01,,,,,,,,,,,,,,,
,,,0.03,0.55,0.29,0.47,0.71,0.89,,,,0.02,0.06,,,,,,,,,,,,,,,,0.01,0.02,Epithermal,7.0,,0.09,0.02,,,,,,,,,,,,,,,
,,,0.01,0.21,0.11,0.18,0.27,0.33,,,,0.01,0.02,,,,,,,,,,,,,,,,0.01,0.01,Epithermal,3.0,,0.04,0.01,,,,,,,,,,,,,,,
,,,0.03,0.58,0.31,0.5,0.75,0.93,,,,0.02,0.06,,,,,,,,,,,,,,,,0.01,0.02,Epithermal,7.0,,0.1,0.02,,,,,,,,,,,,,,,
,,,0.01,0.21,0.11,0.18,0.28,0.33,,,,0.01,0.02,,,,,,,,,,,,,,,,0.01,0.01,Epithermal,3.0,,0.04,0.01,,,,,,,,,,,,,,,
,,,0.04,0.64,0.34,0.55,0.84,1.01,,,,0.02,0.06,,,,,,,,,,,,,,,,0.02,0.02,Epithermal,8.0,,0.11,0.02,,,,,,,,,,,,,,,
,,,0.01,0.22,0.12,0.19,0.29,0.34,,,,0.01,0.02,,,,,,,,,,,,,,,,0.01,0.01,Epithermal,3.0,,0.04,0.01,,,,,,,,,,,,,,,
,,,0.01,0.22,0.11,0.18,0.28,0.32,,,,0.01,0.02,,,,,,,,,,,,,,,,0.01,0.01,Epithermal,3.0,,0.04,0.01,,,,,,,,,,,,,,,
,,,0.02,0.26,0.14,0.22,0.33,0.38,,,,0.01,0.03,,,,,,,,,,,,,,,,0.01,0.01,Epithermal,3.0,,0.04,0.01,,,,,,,,,,,,,,,
,,,0.02,0.39,0.2,0.33,0.5,0.57,,,,0.01,0.04,,,,,,,,,,,,,,,,0.01,0.01,Epithermal,5.0,,0.06,0.01,,,,,,,,,,,,,,,
,,,0.01,0.23,0.12,0.2,0.3,0.34,,,,0.01,0.02,,,,,,,,,,,,,,,,0.01,0.01,Epithermal,3.0,,0.04,0.01,,,,,,,,,,,,,,,
,,,0.01,0.22,0.12,0.19,0.28,0.31,,,,0.01,0.02,,,,,,,,,,,,,,,,0.01,0.01,Epithermal,3.0,,0.04,0.01,,,,,,,,,,,,,,,
,,,0.03,0.53,0.28,0.45,0.67,0.75,,,,0.02,0.05,,,,,,,,,,,,,,,,0.01,0.02,Epithermal,6.0,,0.09,0.01,,,,,,,,,,,,,,,
,,,0.01,0.23,0.12,0.19,0.29,0.32,,,,0.01,0.02,,,,,,,,,,,,,,,,0.01,0.01,Epithermal,3.0,,0.04,0.01,,,,,,,,,,,,,,,
,,,0.01,0.21,0.11,0.18,0.27,0.3,,,,0.01,0.02,,,,,,,,,,,,,,,,0.01,0.01,Epithermal,3.0,,0.04,0.01,,,,,,,,,,,,,,,
,,,0.04,0.61,0.32,0.51,0.76,0.83,,,,0.02,0.06,,,,,,,,,,,,,,,,0.02,0.02,Epithermal,7.0,,0.1,0.02,,,,,,,,,,,,,,,
,,,0.01,0.25,0.13,0.2,0.31,0.32,,,,0.01,0.02,,,,,,,,,,,,,,,,0.01,0.01,Epithermal,3.0,,0.04,0.01,,,,,,,,,,,,,,,
,,,0.01,0.2,0.1,0.16,0.25,0.22,,,,0.01,0.02,,,,,,,,,,,,,,,,0.0,0.01,Epithermal,2.0,,0.03,0.0,,,,,,,,,,,,,,,
,,,0.01,0.23,0.12,0.19,0.28,0.25,,,,0.01,0.02,,,,,,,,,,,,,,,,0.01,0.01,Epithermal,2.0,,0.04,0.01,,,,,,,,,,,,,,,
,,,0.03,0.56,0.3,0.47,0.7,0.61,,,,0.02,0.06,,,,,,,,,,,,,,,,0.01,0.02,Epithermal,6.0,,0.09,0.01,,,,,,,,,,,,,,,
,,,0.02,0.27,0.14,0.22,0.33,0.29,,,,0.01,0.03,,,,,,,,,,,,,,,,0.01,0.01,Epithermal,3.0,,0.05,0.01,,,,,,,,,,,,,,,
,,,0.01,0.23,0.12,0.19,0.29,0.24,,,,0.01,0.02,,,,,,,,,,,,,,,,0.01,0.01,Epithermal,2.0,,0.04,0.01,,,,,,,,,,,,,,,
,,,0.03,0.57,0.3,0.48,0.71,0.59,,,,0.02,0.06,,,,,,,,,,,,,,,,0.01,0.02,Epithermal,6.0,,0.09,0.01,,,,,,,,,,,,,,,
,,,0.01,0.23,0.12,0.19,0.29,0.23,,,,0.01,0.02,,,,,,,,,,,,,,,,0.01,0.01,Epithermal,2.0,,0.04,0.01,,,,,,,,,,,,,,,
,,,0.01,0.24,0.13,0.2,0.29,0.23,,,,0.01,0.02,,,,,,,,,,,,,,,,0.01,0.01,Epithermal,2.0,,0.04,0.01,,,,,,,,,,,,,,,
,,,0.01,0.22,0.11,0.18,0.27,0.2,,,,0.01,0.02,,,,,,,,,,,,,,,,0.01,0.01,Epithermal,2.0,,0.04,0.0,,,,,,,,,,,,,,,
,,,0.01,0.19,0.1,0.15,0.23,0.17,,,,0.01,0.02,,,,,,,,,,,,,,,,0.0,0.01,Epithermal,2.0,,0.03,0.0,,,,,,,,,,,,,,,
,,,0.01,0.22,0.12,0.18,0.27,0.2,,,,0.01,0.02,,,,,,,,,,,,,,,,0.01,0.01,Epithermal,2.0,,0.04,0.0,,,,,,,,,,,,,,,
,,,0.01,0.24,0.12,0.2,0.29,0.21,,,,0.01,0.02,,,,,,,,,,,,,,,,0.01,0.01,Epithermal,2.0,,0.04,0.0,,,,,,,,,,,,,,,
,,,0.01,0.21,0.11,0.17,0.25,0.17,,,,0.01,0.02,,,,,,,,,,,,,,,,0.01,0.01,Epithermal,2.0,,0.03,0.0,,,,,,,,,,,,,,,
,,,0.01,0.22,0.12,0.18,0.27,0.18,,,,0.01,0.02,,,,,,,,,,,,,,,,0.01,0.01,Epithermal,2.0,,0.03,0.0,,,,,,,,,,,,,,,
,,,0.01,0.18,0.1,0.17,0.29,0.84,,,,0.01,0.02,,,,,,,,,,,,,,,,0.01,0.01,Epithermal,4.0,,0.04,0.01,,,,,,,,,,,,,,,
,,,0.01,0.18,0.1,0.17,0.28,0.79,,,,0.01,0.02,,,,,,,,,,,,,,,,0.01,0.01,Epithermal,4.0,,0.04,0.01,,,,,,,,,,,,,,,
,,,0.01,0.19,0.1,0.18,0.3,0.84,,,,0.01,0.02,,,,,,,,,,,,,,,,0.01,0.01,Epithermal,4.0,,0.04,0.01,,,,,,,,,,,,,,,
,,,0.01,0.18,0.1,0.17,0.29,0.78,,,,0.01,0.02,,,,,,,,,,,,,,,,0.01,0.01,Epithermal,4.0,,0.04,0.01,,,,,,,,,,,,,,,
,,,0.01,0.19,0.1,0.18,0.29,0.79,,,,0.01,0.02,,,,,,,,,,,,,,,,0.01,0.01,Epithermal,4.0,,0.04,0.01,,,,,,,,,,,,,,,
,,,0.02,0.36,0.19,0.33,0.56,1.52,,,,0.01,0.04,,,,,,,,,,,,,,,,0.01,0.01,Epithermal,7.0,,0.07,0.02,,,,,,,,,,,,,,,
,,,0.01,0.19,0.1,0.18,0.31,0.82,,,,0.01,0.02,,,,,,,,,,,,,,,,0.01,0.01,Epithermal,4.0,,0.04,0.01,,,,,,,,,,,,,,,
,,,0.01,0.17,0.09,0.16,0.26,0.7,,,,0.01,0.02,,,,,,,,,,,,,,,,0.01,0.01,Epithermal,3.0,,0.04,0.01,,,,,,,,,,,,,,,
,,,0.01,0.18,0.1,0.17,0.28,0.75,,,,0.01,0.02,,,,,,,,,,,,,,,,0.01,0.01,Epithermal,4.0,,0.04,0.01,,,,,,,,,,,,,,,
,,,0.03,0.49,0.26,0.45,0.76,2.01,,,,0.02,0.06,,,,,,,,,,,,,,,,0.01,0.02,Epithermal,10.0,,0.1,0.03,,,,,,,,,,,,,,,
,,,0.01,0.18,0.1,0.17,0.29,0.76,,,,0.01,0.02,,,,,,,,,,,,,,,,0.01,0.01,Epithermal,4.0,,0.04,0.01,,,,,,,,,,,,,,,
,,,0.03,0.54,0.29,0.5,0.84,2.23,,,,0.02,0.07,,,,,,,,,,,,,,,,0.02,0.02,Epithermal,11.0,,0.11,0.03,,,,,,,,,,,,,,,
,,,0.01,0.19,0.1,0.18,0.29,0.77,,,,0.01,0.02,,,,,,,,,,,,,,,,0.01,0.01,Epithermal,4.0,,0.04,0.01,,,,,,,,,,,,,,,
,,,0.03,0.48,0.26,0.45,0.75,1.95,,,,0.02,0.06,,,,,,,,,,,,,,,,0.01,0.02,Epithermal,10.0,,0.1,0.03,,,,,,,,,,,,,,,
,,,0.01,0.23,0.12,0.21,0.35,0.92,,,,0.01,0.03,,,,,,,,,,,,,,,,0.01,0.01,Epithermal,5.0,,0.05,0.01,,,,,,,,,,,,,,,
,,,0.02,0.32,0.17,0.3,0.49,1.29,,,,0.01,0.04,,,,,,,,,,,,,,,,0.01,0.01,Epithermal,6.0,,0.07,0.02,,,,,,,,,,,,,,,
,,,0.05,0.77,0.41,0.72,1.19,3.11,,,,0.03,0.1,,,,,,,,,,,,,,,,0.02,0.03,Epithermal,15.0,,0.16,0.05,,,,,,,,,,,,,,,
,,,0.01,0.18,0.1,0.17,0.27,0.71,,,,0.01,0.02,,,,,,,,,,,,,,,,0.01,0.01,Epithermal,4.0,,0.04,0.01,,,,,,,,,,,,,,,
,,,0.03,0.42,0.23,0.4,0.66,1.7,,,,0.02,0.05,,,,,,,,,,,,,,,,0.01,0.01,Epithermal,9.0,,0.09,0.03,,,,,,,,,,,,,,,
,,,0.01,0.23,0.12,0.21,0.35,0.92,,,,0.01,0.03,,,,,,,,,,,,,,,,0.01,0.01,Epithermal,5.0,,0.05,0.01,,,,,,,,,,,,,,,
,,,0.01,0.22,0.12,0.2,0.33,0.85,,,,0.01,0.03,,,,,,,,,,,,,,,,0.01,0.01,Epithermal,4.0,,0.05,0.01,,,,,,,,,,,,,,,
,,,0.04,0.66,0.35,0.61,1.01,2.56,,,,0.03,0.08,,,,,,,,,,,,,,,,0.02,0.02,Epithermal,13.0,,0.14,0.04,,,,,,,,,,,,,,,
,,,0.01,0.21,0.11,0.2,0.32,0.82,,,,0.01,0.02,,,,,,,,,,,,,,,,0.01,0.01,Epithermal,4.0,,0.04,0.01,,,,,,,,,,,,,,,
,,,0.01,0.19,0.1,0.18,0.29,0.73,,,,0.01,0.02,,,,,,,,,,,,,,,,0.01,0.01,Epithermal,4.0,,0.04,0.01,,,,,,,,,,,,,,,
,,,0.01,0.19,0.1,0.18,0.29,0.73,,,,0.01,0.02,,,,,,,,,,,,,,,,0.01,0.01,Epithermal,4.0,,0.04,0.01,,,,,,,,,,,,,,,
,,,0.02,0.29,0.16,0.27,0.45,1.12,,,,0.01,0.04,,,,,,,,,,,,,,,,0.01,0.01,Epithermal,6.0,,0.06,0.02,,,,,,,,,,,,,,,
,,,0.01,0.17,0.09,0.16,0.27,0.66,,,,0.01,0.02,,,,,,,,,,,,,,,,0.01,0.01,Epithermal,3.0,,0.04,0.01,,,,,,,,,,,,,,,
,,,0.01,0.17,0.09,0.16,0.26,0.64,,,,0.01,0.02,,,,,,,,,,,,,,,,0.0,0.01,Epithermal,3.0,,0.03,0.01,,,,,,,,,,,,,,,
,,,0.01,0.17,0.09,0.16,0.28,0.39,,,,0.01,0.02,,,,,,,,,,,,,,,,0.01,0.01,Epithermal,4.0,,0.04,0.01,,,,,,,,,,,,,,,
,,,0.02,0.32,0.17,0.31,0.54,0.75,,,,0.01,0.04,,,,,,,,,,,,,,,,0.01,0.01,Epithermal,8.0,,0.07,0.02,,,,,,,,,,,,,,,
,,,0.01,0.18,0.1,0.17,0.3,0.43,,,,0.01,0.02,,,,,,,,,,,,,,,,0.01,0.01,Epithermal,4.0,,0.04,0.01,,,,,,,,,,,,,,,
,,,0.03,0.42,0.23,0.41,0.72,1.0,,,,0.02,0.05,,,,,,,,,,,,,,,,0.01,0.02,Epithermal,10.0,,0.09,0.03,,,,,,,,,,,,,,,
,,,0.01,0.18,0.1,0.17,0.3,0.48,,,,0.01,0.02,,,,,,,,,,,,,,,,0.01,0.01,Epithermal,4.0,,0.04,0.01,,,,,,,,,,,,,,,
,,,0.01,0.17,0.09,0.16,0.28,1.0,,,,0.01,0.02,,,,,,,,,,,,,,,,0.01,0.01,Epithermal,4.0,,0.04,0.01,,,,,,,,,,,,,,,
,,,0.01,0.15,0.08,0.15,0.26,0.91,,,,0.01,0.02,,,,,,,,,,,,,,,,0.0,0.01,Epithermal,4.0,,0.03,0.01,,,,,,,,,,,,,,,
,,,0.03,0.48,0.26,0.46,0.8,2.7,,,,0.02,0.06,,,,,,,,,,,,,,,,0.01,0.02,Epithermal,11.0,,0.1,0.03,,,,,,,,,,,,,,,
,,,0.01,0.18,0.1,0.17,0.3,1.08,,,,0.01,0.02,,,,,,,,,,,,,,,,0.01,0.01,Epithermal,4.0,,0.04,0.01,,,,,,,,,,,,,,,
,,,0.01,0.15,0.08,0.14,0.24,0.77,,,,0.01,0.02,,,,,,,,,,,,,,,,0.0,0.01,Epithermal,4.0,,0.03,0.01,,,,,,,,,,,,,,,
,,,0.02,0.39,0.21,0.38,0.65,2.06,,,,0.02,0.05,,,,,,,,,,,,,,,,0.01,0.01,Epithermal,9.0,,0.09,0.03,,,,,,,,,,,,,,,
,,,0.01,0.17,0.09,0.16,0.28,0.87,,,,0.01,0.02,,,,,,,,,,,,,,,,0.01,0.01,Epithermal,4.0,,0.04,0.01,,,,,,,,,,,,,,,
,,,0.03,0.42,0.23,0.41,0.7,2.2,,,,0.02,0.05,,,,,,,,,,,,,,,,0.01,0.02,Epithermal,10.0,,0.09,0.03,,,,,,,,,,,,,,,
,,,0.01,0.2,0.11,0.19,0.33,1.03,,,,0.01,0.03,,,,,,,,,,,,,,,,0.01,0.01,Epithermal,5.0,,0.04,0.01,,,,,,,,,,,,,,,
,,,0.01,0.16,0.08,0.15,0.26,0.8,,,,0.01,0.02,,,,,,,,,,,,,,,,0.01,0.01,Epithermal,4.0,,0.04,0.01,,,,,,,,,,,,,,,
,,,0.02,0.38,0.21,0.37,0.63,1.96,,,,0.02,0.05,,,,,,,,,,,,,,,,0.01,0.01,Epithermal,9.0,,0.09,0.03,,,,,,,,,,,,,,,
,,,0.01,0.18,0.1,0.16,0.28,0.87,,,,0.01,0.02,,,,,,,,,,,,,,,,0.01,0.01,Epithermal,4.0,,0.04,0.01,,,,,,,,,,,,,,,
,,,0.01,0.18,0.1,0.17,0.29,0.9,,,,0.01,0.02,,,,,,,,,,,,,,,,0.01,0.01,Epithermal,4.0,,0.04,0.01,,,,,,,,,,,,,,,
,,,0.02,0.3,0.16,0.29,0.5,1.54,,,,0.01,0.04,,,,,,,,,,,,,,,,0.01,0.01,Epithermal,7.0,,0.07,0.02,,,,,,,,,,,,,,,
,,,0.01,0.21,0.1,0.19,0.32,0.97,,,,0.01,0.03,,,,,,,,,,,,,,,,0.01,0.01,Epithermal,5.0,,0.04,0.01,,,,,,,,,,,,,,,
,,,0.01,0.23,0.12,0.21,0.37,1.12,,,,0.01,0.03,,,,,,,,,,,,,,,,0.01,0.01,Epithermal,5.0,,0.05,0.02,,,,,,,,,,,,,,,
,,,0.01,0.18,0.1,0.17,0.29,0.89,,,,0.01,0.02,,,,,,,,,,,,,,,,0.01,0.01,Epithermal,4.0,,0.04,0.01,,,,,,,,,,,,,,,
,,,0.02,0.42,0.23,0.4,0.68,2.08,,,,0.02,0.05,,,,,,,,,,,,,,,,0.01,0.02,Epithermal,9.0,,0.09,0.03,,,,,,,,,,,,,,,
,,,0.01,0.2,0.11,0.2,0.33,1.01,,,,0.01,0.03,,,,,,,,,,,,,,,,0.01,0.01,Epithermal,5.0,,0.04,0.01,,,,,,,,,,,,,,,
,,,0.01,0.18,0.1,0.17,0.3,0.89,,,,0.01,0.02,,,,,,,,,,,,,,,,0.01,0.01,Epithermal,4.0,,0.04,0.01,,,,,,,,,,,,,,,
,,,0.01,0.18,0.1,0.17,0.29,0.86,,,,0.01,0.02,,,,,,,,,,,,,,,,0.01,0.01,Epithermal,4.0,,0.04,0.01,,,,,,,,,,,,,,,
,,,0.01,0.19,0.1,0.18,0.31,0.92,,,,0.01,0.03,,,,,,,,,,,,,,,,0.01,0.01,Epithermal,4.0,,0.04,0.01,,,,,,,,,,,,,,,
,,,0.02,0.26,0.14,0.25,0.42,1.24,,,,0.01,0.03,,,,,,,,,,,,,,,,0.01,0.01,Epithermal,6.0,,0.06,0.02,,,,,,,,,,,,,,,
,,,0.01,0.17,0.09,0.16,0.28,0.83,,,,0.01,0.02,,,,,,,,,,,,,,,,0.01,0.01,Epithermal,4.0,,0.04,0.01,,,,,,,,,,,,,,,
,,,0.02,0.26,0.14,0.25,0.42,1.25,,,,0.01,0.03,,,,,,,,,,,,,,,,0.01,0.01,Epithermal,6.0,,0.06,0.02,,,,,,,,,,,,,,,
,,,0.01,0.18,0.1,0.17,0.29,0.86,,,,0.01,0.02,,,,,,,,,,,,,,,,0.01,0.01,Epithermal,4.0,,0.04,0.01,,,,,,,,,,,,,,,
,,,0.02,0.34,0.17,0.3,0.52,1.52,,,,0.01,0.04,,,,,,,,,,,,,,,,0.01,0.01,Epithermal,8.0,,0.07,0.02,,,,,,,,,,,,,,,
,,,0.01,0.2,0.11,0.18,0.28,0.52,,,,0.01,0.02,,,,,,,,,,,,,,,,0.01,0.01,Epithermal,3.0,,0.04,0.01,,,,,,,,,,,,,,,
,,,0.03,0.42,0.22,0.37,0.59,1.1,,,,0.02,0.04,,,,,,,,,,,,,,,,0.01,0.01,Epithermal,7.0,,0.08,0.02,,,,,,,,,,,,,,,
,,,0.01,0.18,0.1,0.16,0.26,0.47,,,,0.01,0.02,,,,,,,,,,,,,,,,0.0,0.01,Epithermal,3.0,,0.03,0.01,,,,,,,,,,,,,,,
,,,0.01,0.21,0.11,0.19,0.3,0.54,,,,0.01,0.02,,,,,,,,,,,,,,,,0.01,0.01,Epithermal,3.0,,0.04,0.01,,,,,,,,,,,,,,,
,,,0.01,0.21,0.11,0.18,0.29,0.49,,,,0.01,0.02,,,,,,,,,,,,,,,,0.01,0.01,Epithermal,3.0,,0.04,0.01,,,,,,,,,,,,,,,
,,,0.02,0.37,0.2,0.33,0.51,0.92,,,,0.01,0.04,,,,,,,,,,,,,,,,0.01,0.01,Epithermal,6.0,,0.07,0.01,,,,,,,,,,,,,,,
,,,0.01,0.2,0.11,0.17,0.27,0.48,,,,0.01,0.02,,,,,,,,,,,,,,,,0.01,0.01,Epithermal,3.0,,0.04,0.01,,,,,,,,,,,,,,,
,,,0.03,0.42,0.22,0.37,0.57,1.0,,,,0.02,0.05,,,,,,,,,,,,,,,,0.01,0.01,Epithermal,6.0,,0.08,0.02,,,,,,,,,,,,,,,
,,,0.01,0.21,0.11,0.19,0.29,0.51,,,,0.01,0.02,,,,,,,,,,,,,,,,0.01,0.01,Epithermal,3.0,,0.04,0.01,,,,,,,,,,,,,,,
,,,0.02,0.28,0.15,0.25,0.39,0.67,,,,0.01,0.03,,,,,,,,,,,,,,,,0.01,0.01,Epithermal,4.0,,0.05,0.01,,,,,,,,,,,,,,,
,,,0.04,0.62,0.33,0.55,0.86,1.48,,,,0.02,0.07,,,,,,,,,,,,,,,,0.02,0.02,Epithermal,9.0,,0.12,0.02,,,,,,,,,,,,,,,
,,,0.02,0.32,0.17,0.25,0.39,0.68,,,,0.01,0.03,,,,,,,,,,,,,,,,0.01,0.01,Epithermal,5.0,,0.05,0.01,,,,,,,,,,,,,,,
,,,0.02,0.24,0.13,0.21,0.33,0.56,,,,0.01,0.03,,,,,,,,,,,,,,,,0.01,0.01,Epithermal,4.0,,0.04,0.01,,,,,,,,,,,,,,,
,,,0.02,0.3,0.16,0.27,0.42,0.71,,,,0.01,0.03,,,,,,,,,,,,,,,,0.01,0.01,Epithermal,5.0,,0.05,0.01,,,,,,,,,,,,,,,
,,,0.01,0.2,0.11,0.18,0.27,0.46,,,,0.01,0.02,,,,,,,,,,,,,,,,0.01,0.01,Epithermal,3.0,,0.04,0.01,,,,,,,,,,,,,,,
,,,0.01,0.19,0.1,0.17,0.26,0.43,,,,0.01,0.02,,,,,,,,,,,,,,,,0.01,0.01,Epithermal,3.0,,0.04,0.01,,,,,,,,,,,,,,,
,,,0.03,0.46,0.25,0.41,0.63,1.05,,,,0.02,0.05,,,,,,,,,,,,,,,,0.01,0.01,Epithermal,7.0,,0.08,0.02,,,,,,,,,,,,,,,
,,,0.01,0.18,0.09,0.16,0.24,0.4,,,,0.01,0.02,,,,,,,,,,,,,,,,0.0,0.01,Epithermal,3.0,,0.03,0.01,,,,,,,,,,,,,,,
,,,0.04,0.64,0.34,0.56,0.88,1.32,,,,0.02,0.07,,,,,,,,,,,,,,,,0.02,0.02,Epithermal,9.0,,0.11,0.02,,,,,,,,,,,,,,,
,,,0.01,0.2,0.11,0.17,0.27,0.44,,,,0.01,0.02,,,,,,,,,,,,,,,,0.01,0.01,Epithermal,3.0,,0.03,0.01,,,,,,,,,,,,,,,
,,,0.02,0.38,0.2,0.33,0.52,0.84,,,,0.01,0.04,,,,,,,,,,,,,,,,0.01,0.01,Epithermal,6.0,,0.07,0.01,,,,,,,,,,,,,,,
,,,0.01,0.22,0.12,0.19,0.3,0.47,,,,0.01,0.02,,,,,,,,,,,,,,,,0.01,0.01,Epithermal,3.0,,0.04,0.01,,,,,,,,,,,,,,,
,,,0.03,0.43,0.21,0.35,0.54,0.87,,,,0.02,0.04,,,,,,,,,,,,,,,,0.01,0.01,Epithermal,6.0,,0.08,0.02,,,,,,,,,,,,,,,
,,,0.01,0.21,0.11,0.18,0.28,0.45,,,,0.01,0.02,,,,,,,,,,,,,,,,0.01,0.01,Epithermal,3.0,,0.04,0.01,,,,,,,,,,,,,,,
,,,0.01,0.2,0.11,0.18,0.28,0.43,,,,0.01,0.02,,,,,,,,,,,,,,,,0.01,0.01,Epithermal,3.0,,0.04,0.01,,,,,,,,,,,,,,,
,,,0.01,0.21,0.11,0.17,0.27,0.41,,,,0.01,0.02,,,,,,,,,,,,,,,,0.01,0.01,Epithermal,3.0,,0.04,0.01,,,,,,,,,,,,,,,
,2.29,6.24,1287.0,6.83,88265.0,5227.0,6.2,63.2,2.08,17.1,5.9,1.08,1.05,,,,,,,,,,,,,,,,0.28,1.88,Hydrothermal,272003.0,10.9,3.76,0.12,206855.0,6.57,1374.0,8.95,8.88,0.54,0.11,1431.0,212043.0,56.2,210356.0,455.0,490.0,1.19,2.65
,0.7,4.12,2032.0,1.59,155232.0,7394.0,2.82,153.0,1.33,5.46,3.92,1.6,0.23,,,,,,,,,,,,,,,0.01,0.22,2.94,Hydrothermal,428188.0,10.4,29.4,0.04,353517.0,0.37,931.0,12.7,8.38,0.34,0.14,327.0,21031.0,1.99,30454.0,320.0,328.0,0.74,3.87
,0.16,,2014.0,1.72,212301.0,13393.0,0.2,146.0,0.21,0.14,0.69,2.41,,,,,,,,,,,,,,,,0.0,0.19,4.39,Hydrothermal,426746.0,11.1,20.5,0.01,331021.0,0.25,1892.0,19.7,8.92,0.03,0.04,68.8,4610.0,0.27,7569.0,41.3,124.0,0.42,4.11
,0.75,,1556.0,13.7,140978.0,8144.0,17.3,168.0,1.06,1.61,8.28,1.74,0.14,,,,,,,,,,,,,,,0.05,0.42,2.85,Hydrothermal,395780.0,12.0,32.4,0.09,335071.0,1.68,1126.0,11.7,7.14,0.32,0.25,565.0,52495.0,3.53,63699.0,299.0,,0.2,2.96
,0.28,0.36,1860.0,0.74,211914.0,13437.0,0.9,259.0,0.01,0.0,0.2,3.84,,,,,,,,,,,,,,,,,0.36,3.23,Hydrothermal,433030.0,10.0,36.0,0.02,335946.0,0.18,2266.0,19.2,10.4,0.06,0.01,2.25,20.8,0.18,925.0,2.28,248.0,0.13,3.86
,0.8,,1593.0,7.88,181545.0,9202.0,1.6,162.0,0.96,0.99,3.36,2.38,,,,,,,,,,,,,,,,,0.19,3.31,Hydrothermal,408110.0,11.5,19.0,0.01,318510.0,1.08,1651.0,13.0,8.35,0.06,0.07,357.0,32535.0,3.54,45891.0,252.0,111.0,0.17,3.07
,1.87,2.27,1088.0,11.6,144448.0,7303.0,7.72,97.8,1.73,0.65,6.32,1.44,0.37,,,,,,,,,,,,,,,0.04,0.19,2.12,Hydrothermal,308840.0,11.1,12.3,0.02,235619.0,2.75,1359.0,8.62,8.14,0.25,0.1,758.0,140273.0,13.0,159538.0,445.0,137.0,0.45,2.41
,0.23,,1869.0,1.41,207959.0,12623.0,1.55,202.0,0.13,0.1,0.68,3.29,0.01,,,,,,,,,,,,,,,,0.27,3.6,Hydrothermal,427932.0,11.2,25.2,0.01,338128.0,0.26,2121.0,17.5,9.39,,0.05,46.2,3405.0,0.52,5579.0,30.5,26.7,0.12,3.37
,2.65,1.32,917.0,16.4,170721.0,5459.0,9.54,147.0,2.28,5.07,7.36,3.26,0.21,,,,,,,,,,,,,,,,0.31,5.01,Hydrothermal,325538.0,10.3,16.5,0.02,319476.0,1.63,1102.0,7.87,8.13,1.49,0.17,898.0,70286.0,5.01,104533.0,597.0,219.0,0.13,2.4
,0.54,,1665.0,4.5,175977.0,10664.0,1.61,126.0,0.62,1.22,3.22,1.96,,,,,,,,,,,,,,,,,0.2,3.93,Hydrothermal,404875.0,10.7,14.9,0.01,337497.0,1.49,1567.0,16.0,8.99,0.12,0.05,345.0,30516.0,3.75,36302.0,172.0,215.0,0.27,3.22
,0.0,,1670.0,11.0,152749.0,7477.0,59.5,166.0,1.52,6.45,6.71,1.59,0.28,,,,,,,,,,,,,,,,0.88,3.75,Hydrothermal,386029.0,12.2,25.8,0.01,323036.0,2.0,1160.0,12.6,9.13,0.46,0.14,685.0,56989.0,4.19,69071.0,370.0,436.0,0.14,2.6
,0.32,,2025.0,1.8,192937.0,10385.0,1.21,155.0,0.87,6.97,2.37,2.3,,,,,,,,,,,,,,,,0.02,0.12,2.86,Hydrothermal,415263.0,11.4,18.8,0.02,360181.0,0.58,1671.0,14.8,9.16,0.28,0.05,190.0,5092.0,1.59,11679.0,236.0,107.0,0.24,3.04
,1.75,2.0,1224.0,17.5,152103.0,7973.0,23.4,111.0,2.14,2.65,9.01,1.77,0.2,,,,,,,,,,,,,,,0.02,0.45,3.38,Hydrothermal,361418.0,13.9,13.4,0.02,282581.0,2.96,1345.0,12.5,9.46,0.38,0.09,795.0,90127.0,7.59,101375.0,432.0,390.0,0.23,2.11
,0.4,,1380.0,7.38,162289.0,5492.0,78.0,147.0,1.1,13.3,8.87,2.1,0.8,,,,,,,,,,,,,,,0.02,1.18,3.71,Hydrothermal,372788.0,13.0,15.8,0.06,379788.0,0.39,1304.0,10.4,7.58,0.99,0.17,452.0,33222.0,2.27,42108.0,285.0,576.0,0.09,2.4
,0.77,,1488.0,14.5,195611.0,4927.0,23.4,122.0,1.69,4.6,7.16,1.93,,,,,,,,,,,,,,,,,0.44,4.48,Hydrothermal,333950.0,10.8,16.6,0.05,321332.0,1.61,1190.0,6.21,6.49,0.38,0.09,663.0,63520.0,4.48,76507.0,384.0,197.0,0.16,2.07
,0.49,,1763.0,5.27,191705.0,12325.0,0.02,130.0,0.95,2.08,4.36,2.27,,,,,,,,,,,,,,,,,0.18,3.98,Hydrothermal,397244.0,11.4,16.0,0.01,321991.0,1.09,1527.0,19.3,9.61,0.35,0.04,280.0,31748.0,3.52,40652.0,189.0,364.0,0.27,3.13
,0.57,4.29,1705.0,8.28,173911.0,7484.0,2.21,123.0,1.17,6.14,6.34,2.03,0.01,,,,,,,,,,,,,,,,0.17,3.76,Hydrothermal,376738.0,12.2,18.6,,337838.0,0.62,1001.0,11.6,8.43,0.62,0.07,473.0,45552.0,2.28,54070.0,302.0,711.0,0.2,2.84
,0.34,1.74,1791.0,3.76,205383.0,10986.0,1.29,194.0,0.3,1.13,2.06,3.1,0.06,,,,,,,,,,,,,,,,0.21,3.28,Hydrothermal,421552.0,10.0,23.8,0.02,331131.0,0.26,1888.0,14.7,8.79,0.2,0.02,126.0,11660.0,1.17,15020.0,60.0,131.0,0.12,3.18
,0.33,3.59,1574.0,12.8,161611.0,8423.0,1.54,105.0,1.32,3.81,4.2,1.96,0.09,,,,,,,,,,,,,,,,0.15,3.47,Hydrothermal,409909.0,12.0,12.1,0.07,312823.0,1.51,1241.0,10.5,7.47,1.37,0.0,537.0,46432.0,3.99,56463.0,304.0,492.0,0.41,2.85
,2.07,0.18,980.0,22.3,110092.0,5583.0,5.15,66.0,3.16,1.65,8.34,1.48,0.24,,,,,,,,,,,,,,,0.08,0.05,1.86,Hydrothermal,341583.0,9.72,7.74,0.08,269339.0,2.41,1231.0,6.89,7.05,1.07,0.22,1111.0,120198.0,10.0,149056.0,579.0,87.7,0.37,1.66
,0.57,1.16,1661.0,2.77,202174.0,11885.0,1.43,190.0,0.37,0.82,2.63,2.59,0.02,,,,,,,,,,,,,,,0.01,0.18,3.11,Hydrothermal,423204.0,10.9,21.6,,323284.0,0.98,1658.0,15.5,8.59,0.2,0.06,217.0,16056.0,2.23,19408.0,99.1,84.6,0.13,3.33
,0.66,3.85,937.0,25.9,86288.0,4987.0,19.9,53.7,3.49,4.02,11.3,1.55,0.09,,,,,,,,,,,,,,,0.0,0.49,2.1,Hydrothermal,344538.0,11.7,6.15,0.07,262174.0,4.53,1417.0,4.73,6.37,2.49,0.23,1312.0,129877.0,15.7,167066.0,716.0,506.0,0.25,1.33
,0.4,,1473.0,12.8,173620.0,9503.0,21.4,153.0,2.0,2.98,4.21,1.5,0.11,,,,,,,,,,,,,,,0.01,0.34,3.4,Hydrothermal,378785.0,11.7,19.3,0.02,298097.0,1.96,1213.0,11.4,7.78,0.84,0.11,712.0,61298.0,5.97,73920.0,723.0,391.0,0.14,2.85
,0.0,8.22,1721.0,4.79,217362.0,12075.0,2.69,209.0,0.45,0.42,1.75,2.41,0.0,,,,,,,,,,,,,,,,0.15,3.71,Hydrothermal,411470.0,10.5,27.6,0.06,329417.0,0.0,1509.0,16.9,10.7,0.11,0.06,178.0,11519.0,0.32,14340.0,106.0,,0.18,2.99
,0.56,3.59,1254.0,29.3,128453.0,7224.0,21.0,98.0,3.68,3.55,10.0,1.57,0.52,,,,,,,,,,,,,,,,0.53,3.37,Hydrothermal,349780.0,12.2,11.1,0.05,302492.0,2.26,1326.0,9.02,9.05,0.48,0.17,1591.0,89964.0,5.65,116269.0,1303.0,113.0,0.14,2.59
,0.34,1.49,1850.0,3.75,209779.0,11836.0,1.45,152.0,0.34,0.17,1.16,2.31,,,,,,,,,,,,,,,,0.02,0.17,3.51,Hydrothermal,420107.0,11.4,18.3,0.05,338649.0,0.17,1812.0,16.0,8.56,0.05,0.04,105.0,6197.0,0.48,9321.0,71.7,45.6,0.29,3.65
,0.88,,1824.0,10.0,192177.0,8218.0,5.34,187.0,1.24,1.34,3.69,2.17,,,,,,,,,,,,,,,,0.01,0.24,3.27,Hydrothermal,377632.0,10.3,27.6,0.03,328936.0,0.58,1326.0,10.8,8.5,0.37,0.11,444.0,39029.0,1.58,49568.0,301.0,267.0,0.19,3.11
,0.34,0.09,2015.0,0.99,206435.0,11105.0,0.96,189.0,0.09,0.09,0.24,3.08,0.02,,,,,,,,,,,,,,,0.02,0.21,4.14,Hydrothermal,434082.0,9.93,21.5,0.01,341926.0,0.17,1990.0,15.0,8.59,0.12,0.0,20.4,516.0,0.06,1628.0,24.3,,0.17,3.36
,0.78,157.0,900.0,5.12,215574.0,15236.0,1.2,32.8,0.06,6.28,4.47,1.03,,,,,,,,,,,,,,,,0.52,0.06,13.9,Hydrothermal,333244.0,8.25,6.83,4.06,424683.0,1.18,1286.0,88.7,9.39,4.19,0.74,231.0,3794.0,7.56,4461.0,34.5,197.0,0.24,5.44
,1.38,8.12,1595.0,3.19,166714.0,8974.0,10.3,240.0,1.6,7.9,7.6,1.57,,,,,,,,,,,,,,,,0.37,0.34,5.14,Hydrothermal,344148.0,8.01,24.1,1.49,323415.0,3.61,1130.0,17.9,9.32,0.57,0.21,644.0,75273.0,17.8,76653.0,500.0,581.0,0.13,1.93
,1.21,5.35,1562.0,10.7,144882.0,5906.0,5.06,203.0,4.77,5.3,8.79,1.77,0.24,,,,,,,,,,,,,,,0.02,0.19,2.53,Hydrothermal,335959.0,9.14,20.4,0.01,303574.0,1.73,1112.0,9.97,7.75,0.6,0.13,3827.0,94168.0,11.4,106292.0,1858.0,543.0,0.23,5.77
,2.53,,1073.0,6.02,116569.0,5121.0,0.0,141.0,0.68,5.49,15.8,0.89,1.69,,,,,,,,,,,,,,,0.05,0.2,2.51,Hydrothermal,227092.0,10.6,13.7,0.11,222348.0,8.38,1417.0,12.3,8.82,0.33,0.05,562.0,214999.0,55.0,210048.0,214.0,265.0,0.79,3.32
,0.62,,1622.0,1.59,177116.0,8695.0,2.53,205.0,0.62,5.8,8.65,1.57,0.1,,,,,,,,,,,,,,,0.02,0.16,2.59,Hydrothermal,337344.0,9.35,24.1,0.09,345438.0,1.73,1251.0,15.8,8.4,0.13,0.04,911.0,64367.0,9.84,62341.0,344.0,270.0,0.24,1.72
,,5.06,1593.0,8.82,147225.0,5280.0,6.73,105.0,3.19,3.66,6.5,1.98,0.14,,,,,,,,,,,,,,,0.02,0.2,3.56,Hydrothermal,381063.0,9.47,8.36,0.05,378428.0,1.26,1319.0,9.02,6.92,0.29,0.22,1644.0,33402.0,2.62,48290.0,1140.0,433.0,0.22,1.14
,0.21,5.97,695.0,37.8,86449.0,3116.0,2.76,133.0,10.28,4.95,9.14,1.39,0.23,,,,,,,,,,,,,,,0.03,0.07,1.87,Hydrothermal,308021.0,10.3,11.9,0.03,267982.0,2.73,1464.0,4.12,6.63,1.03,0.19,5463.0,137247.0,9.33,185401.0,3352.0,556.0,0.49,0.95
,0.37,6.04,1342.0,13.5,157067.0,5177.0,4.23,198.0,3.69,4.16,7.76,2.31,,,,,,,,,,,,,,,,,0.27,4.01,Hydrothermal,336988.0,9.76,24.1,0.04,363237.0,3.42,1145.0,10.2,7.95,0.35,0.17,2572.0,57417.0,9.11,72648.0,1330.0,766.0,0.28,1.05
,0.94,0.73,1919.0,7.69,213025.0,9564.0,6.72,296.0,1.7,2.41,2.84,2.24,0.07,,,,,,,,,,,,,,,0.02,0.3,3.74,Hydrothermal,366289.0,9.11,34.5,0.01,369449.0,0.61,1028.0,17.0,8.13,0.26,0.07,305.0,15018.0,1.73,22257.0,392.0,357.0,0.07,1.96
,4.65,6.79,671.0,44.6,75753.0,4316.0,3.43,84.9,14.1,7.69,19.3,0.89,0.05,,,,,,,,,,,,,,,0.07,0.1,1.23,Hydrothermal,254618.0,11.9,7.54,0.11,144207.0,2.06,1187.0,5.17,5.42,2.0,0.13,3157.0,224194.0,14.8,287282.0,3656.0,720.0,0.29,1.24
,,,1741.0,13.3,192994.0,8204.0,4.18,284.0,1.56,3.02,4.92,1.71,0.51,,,,,,,,,,,,,,,0.05,0.28,3.81,Hydrothermal,349881.0,7.8,42.7,0.02,362182.0,1.98,885.0,15.4,8.54,0.61,0.11,635.0,40399.0,6.98,41377.0,465.0,825.0,0.23,10.3
,0.36,,1898.0,7.84,158896.0,8453.0,59.8,273.0,1.79,7.14,4.17,2.13,0.36,,,,,,,,,,,,,,,0.0,0.57,3.4,Hydrothermal,391621.0,8.76,33.5,0.04,386132.0,0.67,1003.0,14.4,7.55,0.74,0.1,1002.0,20763.0,2.7,28428.0,642.0,724.0,0.2,8.44
,0.5,,2071.0,0.7,212328.0,11527.0,1.2,265.0,0.76,0.44,1.65,1.58,0.28,,,,,,,,,,,,,,,0.14,0.18,3.43,Hydrothermal,375721.0,11.3,38.9,0.69,389217.0,1.09,1405.0,23.5,7.89,0.13,1.61,121.0,877.0,6.89,6164.0,141.0,57.1,0.21,3.93
,0.32,,2078.0,13.3,184888.0,8805.0,13.6,293.0,2.21,6.51,3.9,1.36,0.08,,,,,,,,,,,,,,,0.03,0.18,2.25,Hydrothermal,331505.0,10.2,32.2,0.18,315146.0,1.4,978.0,15.7,11.3,1.28,0.11,496.0,74811.0,6.86,79500.0,653.0,723.0,,2.6
,1.4,,1529.0,4.06,125980.0,7032.0,9.86,111.0,2.26,11.5,5.08,2.53,,,,,,,,,,,,,,,,,0.27,2.89,Hydrothermal,392866.0,10.4,12.6,0.04,383698.0,0.64,1127.0,15.3,5.59,1.28,0.18,1061.0,36158.0,0.91,48942.0,761.0,645.0,0.07,2.1
,0.85,1.2,1305.0,9.76,207077.0,13606.0,0.65,194.0,0.05,0.16,5.3,1.46,0.18,,,,,,,,,,,,,,,,0.1,4.52,Hydrothermal,387244.0,8.62,86.2,0.04,385185.0,0.38,1567.0,72.7,7.59,0.03,1.36,154.0,1110.0,0.53,2324.0,18.1,6.47,0.11,6.59
,1.27,0.35,945.0,4.46,163134.0,5649.0,15.1,409.0,1.11,0.79,3.71,1.9,0.16,,,,,,,,,,,,,,,0.01,0.64,7.88,Hydrothermal,368733.0,9.02,54.5,0.03,434984.0,0.41,1074.0,11.8,9.12,0.1,0.04,972.0,6052.0,1.57,17451.0,392.0,65.4,0.08,15.5
,,0.71,917.0,4.83,129679.0,4629.0,167.0,310.0,1.04,11.8,12.4,2.16,2.16,,,,,,,,,,,,,,,,3.65,19.4,Hydrothermal,333465.0,11.4,40.7,0.08,398898.0,1.75,1721.0,7.99,6.69,0.24,0.01,1136.0,46198.0,5.01,82084.0,402.0,251.0,0.2,13.6
,0.29,3.58,1125.0,6.04,196268.0,9405.0,2.0,528.0,0.28,0.36,0.44,1.43,0.09,,,,,,,,,,,,,,,,0.53,5.23,Hydrothermal,412912.0,9.38,59.3,0.01,374680.0,0.18,945.0,16.7,6.14,0.14,0.01,248.0,955.0,0.72,2680.0,85.4,32.5,0.05,21.6
,0.63,1.47,1017.0,1.52,186060.0,6456.0,2.24,322.0,0.87,2.76,8.03,1.3,,,,,,,,,,,,,,,,0.04,0.3,8.2,Hydrothermal,325532.0,10.9,37.3,,409814.0,1.02,693.0,12.7,7.91,,0.06,1130.0,21723.0,39.1,46842.0,269.0,,0.19,4.83
,1.54,23.7,1264.0,6.76,166605.0,10358.0,1.8,34.0,0.09,1.5,9.9,1.14,0.13,,,,,,,,,,,,,,,0.92,0.55,5.48,Hydrothermal,369995.0,8.06,3.4,0.34,410026.0,0.9,938.0,19.5,6.56,0.1,0.04,268.0,8093.0,431.0,31776.0,86.9,27.6,0.2,5.55
,1.83,0.07,1280.0,8.05,174899.0,10622.0,0.64,289.0,0.37,0.86,2.86,1.12,,,,,,,,,,,,,,,,0.1,0.23,5.37,Hydrothermal,384845.0,8.73,24.9,0.14,399928.0,0.44,1027.0,20.8,6.74,0.05,0.03,561.0,7396.0,23.9,18846.0,141.0,52.2,0.13,6.51
,1.04,3.68,1142.0,12.5,193069.0,12874.0,0.65,407.0,0.2,0.85,0.63,1.12,,,,,,,,,,,,,,,,0.01,0.64,5.06,Hydrothermal,393668.0,8.3,46.6,,386464.0,0.17,1123.0,24.5,6.72,0.4,,116.0,3092.0,2.06,7744.0,66.7,115.0,0.11,3.92
,1.63,15.5,730.0,238.26,116513.0,4571.0,5.59,109.0,9.58,16.0,11.65,1.62,0.39,,,,,,,,,,,,,,,0.04,0.55,14.4,Hydrothermal,310605.0,10.2,16.7,0.06,331738.0,2.39,1867.0,8.9,10.9,5.05,0.15,2218.0,77130.0,43.8,151553.0,1193.0,1357.0,1.25,1.65
,,2.76,958.0,50.0,136977.0,4989.0,3.4,26.4,1.88,8.88,7.09,1.54,0.18,,,,,,,,,,,,,,,0.01,0.39,7.06,Hydrothermal,344355.0,10.1,5.64,0.03,391568.0,1.28,1782.0,9.69,7.51,1.92,0.11,686.0,42470.0,14.5,75151.0,222.0,679.0,0.49,2.24
,40.6,39.4,935.0,4.4,179952.0,6777.0,2.14,46.5,0.47,5.81,12.0,0.95,1.04,,,,,,,,,,,,,,,0.34,0.27,84.5,Hydrothermal,347828.0,9.1,3.11,0.52,383798.0,2.67,909.0,13.1,6.97,0.75,0.04,1394.0,17740.0,661.0,58899.0,313.0,511.0,3.42,5.95
,0.51,,1130.0,3.54,204429.0,9232.0,0.52,191.0,0.03,0.3,4.5,0.96,0.15,,,,,,,,,,,,,,,0.01,0.97,3.32,Hydrothermal,345820.0,6.98,18.4,0.04,388946.0,0.27,729.0,17.8,5.53,0.35,0.01,249.0,924.0,14.0,48205.0,33.9,29.0,0.15,3.55
,,0.12,1103.0,7.7,189284.0,13901.0,0.0,540.0,0.22,0.64,0.42,0.93,0.03,,,,,,,,,,,,,,,,0.45,5.56,Hydrothermal,397562.0,8.26,63.7,0.19,390891.0,0.07,987.0,29.4,6.59,0.51,0.04,48.9,1564.0,1.22,3807.0,37.2,147.0,0.07,2.26
,39.6,40.6,829.0,3.04,184082.0,5479.0,2.54,71.9,0.52,5.82,13.4,0.97,0.68,,,,,,,,,,,,,,,0.15,0.46,52.4,Hydrothermal,329721.0,8.66,5.49,0.51,382657.0,2.43,852.0,10.5,7.76,0.73,0.04,1706.0,26997.0,278.0,66285.0,311.0,529.0,0.8,6.03
,23.8,11.3,1186.0,4.4,174333.0,6716.0,3.81,13.2,0.51,6.96,17.9,1.0,0.52,,,,,,,,,,,,,,,0.13,0.49,35.7,Hydrothermal,339160.0,9.86,0.89,0.85,376510.0,2.71,958.0,12.2,7.18,0.61,0.04,1596.0,34953.0,205.0,63535.0,321.0,367.0,0.5,5.66
,0.93,0.24,1208.0,3.6,227788.0,13710.0,0.35,474.0,0.04,0.05,0.05,1.38,0.04,,,,,,,,,,,,,,,,0.32,3.64,Hydrothermal,358908.0,7.28,50.6,,396535.0,0.05,889.0,28.6,6.26,0.01,,9.67,16.7,,343.0,8.87,3.41,0.05,2.88
,0.64,,1117.0,18.0,180748.0,12379.0,0.97,454.0,1.16,4.01,0.62,1.43,,,,,,,,,,,,,,,,0.04,0.71,6.6,Hydrothermal,395928.0,8.8,52.0,0.04,396807.0,0.39,1197.0,24.6,7.36,2.6,0.01,237.0,843.0,5.88,9211.0,627.0,313.0,0.1,2.41
,1.03,,1148.0,3.74,185304.0,13532.0,0.52,528.0,0.24,0.09,0.07,0.87,0.04,,,,,,,,,,,,,,,,0.26,4.63,Hydrothermal,407327.0,8.58,60.0,0.01,389361.0,0.01,956.0,27.4,5.93,0.02,0.02,43.9,351.0,0.14,1308.0,25.7,,0.06,2.95
,0.47,,1086.0,22.8,163682.0,8876.0,0.63,397.0,0.68,3.25,2.52,1.17,0.06,,,,,,,,,,,,,,,0.01,0.38,5.19,Hydrothermal,390849.0,9.18,45.6,,395004.0,0.39,1318.0,17.9,6.31,1.17,0.03,233.0,13001.0,3.97,24883.0,152.0,396.0,0.12,3.06
,0.48,1.58,2043.0,1.58,26411.0,851.0,0.12,42.9,1.22,3.57,6.45,2.51,0.11,,,,,,,,,,,,,,,0.03,0.13,2.44,Hydrothermal,518094.0,13.4,4.01,0.1,423281.0,0.14,2426.0,1.82,2.03,0.69,0.11,327.0,8026.0,0.56,18089.0,310.0,56.4,0.07,0.63
,0.0,3.12,62.1,7.73,1548.0,957.0,2.14,7.33,2.87,4.45,9.46,0.35,0.03,,,,,,,,,,,,,,,0.07,,0.94,Hydrothermal,484942.0,12.5,,0.03,375583.0,2.69,1645.0,0.69,0.63,0.47,0.09,953.0,55046.0,274.0,78261.0,580.0,93.3,0.15,0.07
,0.03,3.0,75.7,1.58,6411.0,920.0,0.62,11.8,3.73,4.56,8.31,0.71,0.05,,,,,,,,,,,,,,,0.01,,1.15,Hydrothermal,482913.0,12.8,0.19,0.02,415445.0,1.71,1101.0,0.62,1.16,0.25,0.06,901.0,31820.0,2.4,59398.0,692.0,268.0,0.04,0.24
,1.09,3.2,48.7,5.72,1176.0,655.0,1.1,5.97,3.9,8.59,5.16,0.18,0.32,,,,,,,,,,,,,,,0.11,0.01,0.43,Hydrothermal,524108.0,13.2,0.07,0.23,417732.0,2.09,865.0,0.64,0.43,0.47,0.09,483.0,5401.0,11.0,47748.0,823.0,895.0,0.11,0.06
,0.47,1.23,321.0,5.44,22116.0,1151.0,1.04,15.8,1.27,2.74,3.73,0.74,0.32,,,,,,,,,,,,,,,0.05,0.02,1.02,Hydrothermal,530964.0,11.2,1.31,0.11,435618.0,0.7,516.0,1.67,2.56,0.46,0.2,299.0,2295.0,0.83,6154.0,423.0,90.4,0.01,0.8
,9.52,5.12,132.0,27.7,2327.0,1263.0,0.0,10.1,1.67,3.15,25.3,3.28,0.62,,,,,,,,,,,,,,,0.05,0.07,0.42,Hydrothermal,396073.0,10.5,0.27,0.18,357809.0,4.14,3702.0,0.63,2.73,1.01,0.12,1017.0,117610.0,21.0,119112.0,688.0,139.0,0.34,0.22
,0.35,0.55,1137.0,18.3,3868.0,377.0,1.18,37.4,4.54,5.0,13.1,0.45,0.05,,,,,,,,,,,,,,,0.0,0.1,0.58,Hydrothermal,537901.0,11.1,,0.07,432512.0,0.15,146.0,0.29,0.23,0.26,0.11,1728.0,1942.0,0.35,16926.0,2959.0,409.0,0.01,0.04
,0.21,,1006.0,14.9,1843.0,296.0,2.25,46.3,2.79,2.91,11.0,0.55,0.02,,,,,,,,,,,,,,,0.02,0.07,1.55,Hydrothermal,529302.0,12.2,,0.04,448791.0,0.1,165.0,0.22,0.0,0.16,0.07,795.0,1543.0,0.63,13910.0,1816.0,436.0,0.0,0.06
,1.72,,102.0,1.77,1200.0,1058.0,2.78,2.52,6.18,24.5,8.77,0.11,0.52,,,,,,,,,,,,,,,0.01,,1.87,Hydrothermal,467638.0,12.8,0.11,0.01,364612.0,3.3,1517.0,1.38,0.65,1.45,0.15,2865.0,60817.0,10.2,97424.0,1901.0,784.0,0.18,0.01
,0.74,1.23,272.0,2.06,1585.0,417.0,2.11,11.9,2.46,22.7,7.58,0.7,0.08,,,,,,,,,,,,,,,,0.03,1.23,Hydrothermal,501838.0,12.4,0.11,0.02,430608.0,0.43,2326.0,0.58,0.52,1.64,0.19,1032.0,22998.0,1.69,37663.0,790.0,400.0,0.04,0.01
,0.39,1.71,59.9,0.87,1009.0,158.0,3.13,6.19,1.05,2.55,6.21,0.13,0.15,,,,,,,,,,,,,,,,,0.62,Hydrothermal,524768.0,11.7,0.03,0.03,462269.0,0.44,920.0,0.86,0.22,0.24,0.04,400.0,400.0,1.14,9515.0,348.0,115.0,0.01,0.03
,1.89,7.83,21.7,1.77,2148.0,3422.0,5.46,0.0,33.3,17.1,5.55,0.01,1.63,,,,,,,,,,,,,,,,0.04,3.83,Hydrothermal,507467.0,16.2,0.02,0.03,192815.0,2.32,980.0,2.04,1.81,1.41,0.31,4707.0,42001.0,2.84,236483.0,9169.0,681.0,0.13,0.16
,0.27,1.78,138.0,0.44,1033.0,25.5,1.8,9.48,0.05,1.92,7.62,0.18,0.19,,,,,,,,,,,,,,,0.01,0.01,0.06,Hydrothermal,554107.0,12.4,0.16,0.08,443195.0,0.15,701.0,0.18,0.26,0.33,0.08,64.5,84.1,0.2,563.0,25.4,25.8,0.02,0.03
,0.62,,1066.0,12.6,1807.0,296.0,2.02,15.8,1.8,16.13,25.8,1.47,0.08,,,,,,,,,,,,,,,0.05,0.06,2.88,Hydrothermal,531472.0,12.9,0.28,0.22,414790.0,0.4,961.0,0.4,0.37,1.7,0.05,1110.0,16569.0,1.67,29858.0,1361.0,613.0,0.06,0.04
,0.4,0.61,233.0,1.17,2585.0,57.1,1.04,11.4,0.07,0.69,6.14,0.35,0.1,,,,,,,,,,,,,,,0.01,0.02,0.25,Hydrothermal,551079.0,11.6,0.52,0.03,442585.0,0.15,1742.0,0.62,0.26,0.26,0.1,83.2,388.0,0.19,1073.0,101.0,38.5,0.03,0.04
,4.24,1.3,43.1,13.9,2310.0,3996.0,9.64,6.33,19.2,10.5,15.23,0.14,0.61,,,,,,,,,,,,,,,0.15,0.01,2.84,Hydrothermal,449963.0,18.1,,0.07,186563.0,5.97,1204.0,0.35,1.02,1.39,,1961.0,56918.0,165.0,291129.0,4188.0,1446.0,2.16,0.2
,7.97,5.93,38.1,0.85,1773.0,227.0,1.74,8.42,0.31,3.84,9.23,0.24,0.13,,,,,,,,,,,,,,,0.27,,0.36,Hydrothermal,505216.0,11.3,0.07,2.62,474254.0,0.69,1505.0,0.28,0.61,0.52,0.05,428.0,2061.0,5.07,13863.0,127.0,446.0,0.1,0.07
,0.0,2.65,338.0,7.9,2215.0,328.0,1.71,9.96,2.6,21.6,11.1,0.8,,,,,,,,,,,,,,,,0.02,0.02,0.79,Hydrothermal,523091.0,12.3,1.12,0.13,451254.0,0.73,1599.0,0.3,0.02,2.57,0.07,911.0,4653.0,2.91,12418.0,2205.0,909.0,0.26,0.01
,2.17,4.94,30.7,31.4,1735.0,3702.0,1.61,2.22,11.8,3.91,5.91,0.1,0.67,,,,,,,,,,,,,,,0.03,,0.58,Hydrothermal,454594.0,17.4,0.07,0.13,307760.0,1.69,664.0,0.4,0.82,0.67,0.07,1375.0,44423.0,47.0,183318.0,2035.0,228.0,0.2,0.2
,2.45,7.12,26.0,8.53,677.0,1051.0,2.76,0.16,2.77,1.21,8.08,0.11,0.2,,,,,,,,,,,,,,,0.49,0.01,0.86,Hydrothermal,513259.0,13.0,0.18,0.31,413584.0,2.03,531.0,0.47,0.47,0.8,0.06,389.0,15619.0,71.2,54026.0,540.0,175.0,0.14,0.05
,0.68,0.64,73.7,3.0,815.0,291.0,1.49,6.45,1.01,1.45,7.41,0.16,0.12,,,,,,,,,,,,,,,0.02,0.01,0.71,Hydrothermal,526154.0,11.6,0.19,0.1,454498.0,1.02,1003.0,0.27,0.09,0.22,0.04,118.0,1327.0,2.62,15269.0,295.0,116.0,0.05,0.01
,4.13,43.7,68.5,7.35,1892.0,1652.0,1.77,2.88,23.2,29.7,6.61,0.01,5.01,,,,,,,,,,,,,,,0.47,0.07,13.3,Hydrothermal,441464.0,17.2,,0.74,285478.0,5.29,2146.0,3.73,1.12,3.34,0.25,4626.0,48640.0,72.9,204298.0,8015.0,1477.0,0.22,0.09
,0.98,1.88,1197.0,3.61,107.0,332.0,1.99,37.0,1.24,5.29,2.36,0.24,0.3,,,,,,,,,,,,,,,,0.04,0.74,Hydrothermal,549110.0,11.2,1.09,0.01,440316.0,0.05,176.0,,0.03,0.31,0.11,334.0,1708.0,0.0,6187.0,337.0,128.0,0.0,0.02
,0.08,0.0,293.0,1.78,21120.0,862.0,0.83,11.7,0.05,0.66,4.85,0.84,0.52,,,,,,,,,,,,,,,0.08,0.03,0.55,Hydrothermal,520619.0,11.6,1.94,0.61,454360.0,0.13,1224.0,1.29,1.39,0.18,0.25,102.0,241.0,0.48,987.0,40.3,112.0,0.04,0.24
,0.41,1.04,823.0,6.57,3071.0,275.0,16.9,5.9,3.08,16.9,25.6,1.1,0.29,,,,,,,,,,,,,,,0.02,0.17,4.31,Hydrothermal,547657.0,11.4,1.01,0.19,402796.0,0.8,816.0,,0.66,6.15,0.12,2548.0,10906.0,1.01,29312.0,1407.0,286.0,0.17,0.03
,0.44,2.97,585.0,2.98,1228.0,767.0,4.76,26.6,0.2,5.23,4.1,0.02,4.22,,,,,,,,,,,,,,,0.0,,0.37,Hydrothermal,490390.0,12.1,0.12,0.04,414044.0,0.87,315.0,1.0,0.15,0.64,0.03,525.0,46828.0,11.6,44989.0,138.0,113.0,0.17,0.08
,1.4,103.0,57.0,4.85,2233.0,732.0,7.71,6.42,0.92,5.74,33.4,0.17,1.84,,,,,,,,,,,,,,,2.75,0.01,1.34,Hydrothermal,457653.0,12.3,0.15,2.58,446619.0,1.57,1146.0,1.18,0.66,0.86,0.22,1822.0,39334.0,23.7,49485.0,412.0,295.0,0.19,0.04
,0.81,22.6,42.0,1.39,1863.0,226.0,5.82,9.38,1.25,3.97,17.1,0.17,1.21,,,,,,,,,,,,,,,0.77,,0.32,Hydrothermal,528994.0,11.4,0.14,0.2,449160.0,0.78,887.0,0.42,0.23,0.39,0.4,485.0,4389.0,10.1,13220.0,329.0,317.0,0.05,0.01
,0.79,0.9,42.3,0.36,1049.0,35.2,2.14,3.25,0.15,5.76,4.93,0.19,0.36,,,,,,,,,,,,,,,,,0.08,Hydrothermal,547792.0,10.7,0.08,0.02,446034.0,0.06,1269.0,0.12,0.18,0.38,0.05,218.0,1306.0,0.29,1975.0,74.6,174.0,0.01,
,0.93,1.24,510.0,5.91,1934.0,1255.0,4.93,1.28,2.98,28.6,9.05,0.64,3.19,,,,,,,,,,,,,,,0.03,,0.52,Hydrothermal,416387.0,11.2,0.3,0.07,355208.0,1.54,2775.0,2.1,1.01,2.96,0.08,1687.0,101441.0,20.9,116419.0,1061.0,1222.0,0.25,0.04
,1.06,2.37,729.0,6.21,363.0,289.0,4.51,15.9,1.08,16.6,4.09,0.13,1.13,,,,,,,,,,,,,,,,0.01,0.19,Hydrothermal,543362.0,11.6,0.15,0.02,424899.0,0.23,239.0,0.33,0.05,1.9,0.14,678.0,12237.0,1.0,16397.0,397.0,341.0,,
,0.91,1.28,85.0,0.83,168.0,68.3,8.43,7.85,0.91,6.44,6.23,0.03,1.12,,,,,,,,,,,,,,,0.06,0.02,0.05,Hydrothermal,556358.0,11.4,,0.04,436631.0,0.08,423.0,0.07,0.06,0.58,0.05,412.0,592.0,0.55,4698.0,317.0,200.0,,
,0.37,3.56,53.9,1.57,1116.0,664.0,3.02,4.68,8.69,11.4,7.13,0.04,1.84,,,,,,,,,,,,,,,0.08,,0.97,Hydrothermal,512891.0,12.6,,0.06,399464.0,0.91,956.0,1.46,0.18,1.2,0.09,1292.0,25602.0,6.66,55088.0,2553.0,253.0,0.09,0.02
,1.46,10.0,75.0,3.99,3838.0,1459.0,8.17,10.9,0.49,16.8,14.2,0.12,3.16,,,,,,,,,,,,,,,0.41,0.02,0.44,Hydrothermal,324352.0,11.5,0.04,0.11,288987.0,4.28,991.0,2.8,0.76,1.4,0.08,1761.0,186676.0,46.2,191007.0,339.0,377.0,0.61,0.2
,0.8,1.59,44.1,0.71,435.0,169.0,2.73,5.57,0.49,5.1,4.55,0.04,1.05,,,,,,,,,,,,,,,0.02,,0.14,Hydrothermal,525319.0,10.6,0.11,0.01,449207.0,0.31,303.0,0.46,0.05,0.48,0.05,368.0,10814.0,2.24,12978.0,188.0,138.0,0.02,0.01
,1.3,0.7,82.3,2.55,454.0,355.0,7.14,1.86,0.95,54.4,8.1,0.05,2.13,,,,,,,,,,,,,,,0.15,0.01,0.18,Hydrothermal,488578.0,11.0,0.08,0.26,462826.0,0.67,228.0,1.05,0.27,1.4,0.24,1113.0,20809.0,6.23,24268.0,507.0,679.0,0.07,0.02
,0.68,1.42,794.0,23.7,3591.0,463.0,16.7,69.9,21.9,27.8,37.6,0.53,0.25,,,,,,,,,,,,,,,0.01,0.05,2.54,Hydrothermal,536519.0,11.5,0.27,0.8,364001.0,0.01,321.0,0.11,0.33,3.57,0.67,7433.0,5519.0,0.18,72280.0,6310.0,2548.0,0.01,0.02
,0.66,0.17,157.0,0.73,818.0,71.5,5.09,8.25,0.8,9.38,6.23,0.28,0.69,,,,,,,,,,,,,,,0.01,0.01,0.03,Hydrothermal,517035.0,10.1,0.12,0.02,464582.0,0.06,808.0,0.36,0.91,0.72,0.31,961.0,5064.0,0.06,9371.0,358.0,730.0,0.01,0.11
,3.47,6.16,84.2,13.5,2201.0,698.0,2.68,12.5,5.84,14.8,13.8,0.38,,,,,,,,,,,,,,,,0.03,0.64,17.9,Hydrothermal,443100.0,12.6,0.15,0.16,377849.0,2.86,2526.0,1.03,0.92,13.65,0.12,1688.0,36303.0,90.4,133105.0,1681.0,551.0,0.25,0.09
,1.34,2.77,295.0,1.86,4012.0,547.0,1.95,9.47,3.48,5.19,7.46,1.42,0.14,,,,,,,,,,,,,,,0.0,0.42,11.9,Hydrothermal,461840.0,12.5,0.34,0.02,445416.0,1.11,2495.0,1.17,1.55,0.43,0.21,1178.0,12668.0,27.2,70055.0,1048.0,355.0,0.15,0.16
